0,1.8199999,0,1.88
2.00E-03,1.8399999,2.00E-03,1.86
4.00E-03,1.8199999,4.00E-03,1.86
6.00E-03,1.8,6.00E-03,1.8399999
8.00E-03,1.8199999,8.00E-03,1.8199999
1.00E-02,1.8199999,1.00E-02,1.8399999
1.20E-02,1.8199999,1.20E-02,1.8199999
1.40E-02,1.8199999,1.40E-02,1.8199999
1.60E-02,1.8199999,1.60E-02,1.8399999
1.80E-02,1.8199999,1.80E-02,1.8199999
2.00E-02,1.8,2.00E-02,1.8199999
2.20E-02,1.8,2.20E-02,1.8399999
2.40E-02,1.8199999,2.40E-02,1.8
2.60E-02,1.8,2.60E-02,1.8399999
2.80E-02,1.8,2.80E-02,1.76
3.00E-02,1.8199999,3.00E-02,1.78
3.20E-02,1.8199999,3.20E-02,1.78
3.40E-02,1.8199999,3.40E-02,1.8
3.60E-02,1.8199999,3.60E-02,1.8199999
3.80E-02,1.8,3.80E-02,1.78
4.00E-02,1.8,4.00E-02,1.78
4.20E-02,1.8399999,4.20E-02,1.8399999
4.40E-02,1.8399999,4.40E-02,1.8
4.60E-02,1.8,4.60E-02,1.74
4.80E-02,1.8,4.80E-02,1.78
5.00E-02,1.8,5.00E-02,1.74
5.20E-02,1.8,5.20E-02,1.78
5.40E-02,1.8,5.40E-02,1.78
5.60E-02,1.8,5.60E-02,1.8
5.80E-02,1.8,5.80E-02,1.76
6.00E-02,1.8,6.00E-02,1.78
6.20E-02,1.8199999,6.20E-02,1.8199999
6.40E-02,1.8,6.40E-02,1.76
6.60E-02,1.78,6.60E-02,1.78
6.80E-02,1.8199999,6.80E-02,1.8
7.00E-02,1.8,7.00E-02,1.74
7.20E-02,1.8,7.20E-02,1.78
7.40E-02,1.8,7.40E-02,1.74
7.60E-02,1.8,7.60E-02,1.78
7.80E-02,1.8,7.80E-02,1.76
8.00E-02,1.78,8.00E-02,1.74
8.20E-02,1.78,8.20E-02,1.76
8.40E-02,1.78,8.40E-02,1.6999999
8.60E-02,1.8,8.60E-02,1.76
8.80E-02,1.8,8.80E-02,1.78
9.00E-02,1.8,9.00E-02,1.74
9.20E-02,1.8,9.20E-02,1.74
9.40E-02,1.8,9.40E-02,1.76
9.60E-02,1.8,9.60E-02,1.7199999
9.80E-02,1.78,9.80E-02,1.76
1.00E-01,1.8,1.00E-01,1.76
1.02E-01,1.8,1.02E-01,1.74
1.04E-01,1.8,1.04E-01,1.76
1.06E-01,1.8,1.06E-01,1.76
1.08E-01,1.8,1.08E-01,1.7199999
1.10E-01,1.8,1.10E-01,1.74
1.12E-01,1.8,1.12E-01,1.7199999
1.14E-01,1.8,1.14E-01,1.7199999
1.16E-01,1.8,1.16E-01,1.76
1.18E-01,1.8199999,1.18E-01,1.7199999
1.20E-01,1.8,1.20E-01,1.74
1.22E-01,1.8199999,1.22E-01,1.74
1.24E-01,1.78,1.24E-01,1.7199999
1.26E-01,1.78,1.26E-01,1.66
1.28E-01,1.8,1.28E-01,1.74
1.30E-01,1.8199999,1.30E-01,1.74
1.32E-01,1.78,1.32E-01,1.6799999
1.34E-01,1.8,1.34E-01,1.6999999
1.36E-01,1.8,1.36E-01,1.7199999
1.38E-01,1.8,1.38E-01,1.7199999
1.40E-01,1.8,1.40E-01,1.74
1.42E-01,1.78,1.42E-01,1.7199999
1.44E-01,1.8,1.44E-01,1.6799999
1.46E-01,1.78,1.46E-01,1.6999999
1.48E-01,1.8,1.48E-01,1.7199999
1.50E-01,1.78,1.50E-01,1.74
1.52E-01,1.8,1.52E-01,1.6999999
1.54E-01,1.78,1.54E-01,1.7199999
1.56E-01,1.8,1.56E-01,1.74
1.58E-01,1.8,1.58E-01,1.7199999
1.60E-01,1.8,1.60E-01,1.74
1.62E-01,1.8,1.62E-01,1.74
1.64E-01,1.8,1.64E-01,1.7199999
1.66E-01,1.8,1.66E-01,1.74
1.68E-01,1.78,1.68E-01,1.6799999
1.70E-01,1.78,1.70E-01,1.6999999
1.72E-01,1.78,1.72E-01,1.74
1.74E-01,1.8,1.74E-01,1.6999999
1.76E-01,1.78,1.76E-01,1.7199999
1.78E-01,1.8,1.78E-01,1.6799999
1.80E-01,1.8,1.80E-01,1.7199999
1.82E-01,1.8199999,1.82E-01,1.6799999
1.84E-01,1.78,1.84E-01,1.66
1.86E-01,1.8,1.86E-01,1.6999999
1.88E-01,1.8,1.88E-01,1.7199999
1.90E-01,1.8199999,1.90E-01,1.6999999
1.92E-01,1.8,1.92E-01,1.6999999
1.94E-01,1.8,1.94E-01,1.7199999
1.96E-01,1.8,1.96E-01,1.6999999
1.98E-01,1.8,1.98E-01,1.7199999
2.00E-01,1.8,2.00E-01,1.74
2.02E-01,1.78,2.02E-01,1.6799999
2.04E-01,1.8,2.04E-01,1.6999999
2.06E-01,1.8199999,2.06E-01,1.7199999
2.08E-01,1.8,2.08E-01,1.74
2.10E-01,1.78,2.10E-01,1.6799999
2.12E-01,1.78,2.12E-01,1.6799999
2.14E-01,1.8,2.14E-01,1.6799999
2.16E-01,1.8,2.16E-01,1.74
2.18E-01,1.8199999,2.18E-01,1.6999999
2.20E-01,1.8,2.20E-01,1.6799999
2.22E-01,1.8,2.22E-01,1.74
2.24E-01,1.8,2.24E-01,1.6999999
2.26E-01,1.8199999,2.26E-01,1.6999999
2.28E-01,1.8,2.28E-01,1.7199999
2.30E-01,1.8,2.30E-01,1.7199999
2.32E-01,1.8,2.32E-01,1.7199999
2.34E-01,1.8,2.34E-01,1.74
2.36E-01,1.8,2.36E-01,1.74
2.38E-01,1.8199999,2.38E-01,1.6999999
2.40E-01,1.8199999,2.40E-01,1.7199999
2.42E-01,1.8,2.42E-01,1.7199999
2.44E-01,1.8,2.44E-01,1.7199999
2.46E-01,1.8199999,2.46E-01,1.7199999
2.48E-01,1.8,2.48E-01,1.6999999
2.50E-01,1.8199999,2.50E-01,1.7199999
2.52E-01,1.8,2.52E-01,1.7199999
2.54E-01,1.8,2.54E-01,1.6999999
2.56E-01,1.8,2.56E-01,1.6999999
2.58E-01,1.8199999,2.58E-01,1.6999999
2.60E-01,1.8399999,2.60E-01,1.7199999
2.62E-01,1.8,2.62E-01,1.7199999
2.64E-01,1.8,2.64E-01,1.6799999
2.66E-01,1.8,2.66E-01,1.7199999
2.68E-01,1.8199999,2.68E-01,1.74
2.70E-01,1.8,2.70E-01,1.74
2.72E-01,1.8,2.72E-01,1.6999999
2.74E-01,1.8199999,2.74E-01,1.74
2.76E-01,1.8199999,2.76E-01,1.74
2.78E-01,1.8,2.78E-01,1.7199999
2.80E-01,1.8399999,2.80E-01,1.74
2.82E-01,1.8,2.82E-01,1.6999999
2.84E-01,1.8399999,2.84E-01,1.74
2.86E-01,1.8199999,2.86E-01,1.7199999
2.88E-01,1.8199999,2.88E-01,1.6799999
2.90E-01,1.8199999,2.90E-01,1.6999999
2.92E-01,1.8399999,2.92E-01,1.6999999
2.94E-01,1.8399999,2.94E-01,1.6999999
2.96E-01,1.8199999,2.96E-01,1.6999999
2.98E-01,1.8,2.98E-01,1.7199999
3.00E-01,1.8199999,3.00E-01,1.6999999
3.02E-01,1.8399999,3.02E-01,1.74
3.04E-01,1.8199999,3.04E-01,1.74
3.06E-01,1.8199999,3.06E-01,1.76
3.08E-01,1.8199999,3.08E-01,1.6999999
3.10E-01,1.8399999,3.10E-01,1.74
3.12E-01,1.8399999,3.12E-01,1.76
3.14E-01,1.8399999,3.14E-01,1.6999999
3.16E-01,1.8199999,3.16E-01,1.74
3.18E-01,1.8399999,3.18E-01,1.76
3.20E-01,1.8399999,3.20E-01,1.7199999
3.22E-01,1.8199999,3.22E-01,1.74
3.24E-01,1.8199999,3.24E-01,1.76
3.26E-01,1.8399999,3.26E-01,1.7199999
3.28E-01,1.86,3.28E-01,1.76
3.30E-01,1.8399999,3.30E-01,1.74
3.32E-01,1.8399999,3.32E-01,1.6999999
3.34E-01,1.8399999,3.34E-01,1.74
3.36E-01,1.8399999,3.36E-01,1.76
3.38E-01,1.8199999,3.38E-01,1.6999999
3.40E-01,1.86,3.40E-01,1.7199999
3.42E-01,1.8399999,3.42E-01,1.76
3.44E-01,1.8399999,3.44E-01,1.76
3.46E-01,1.8399999,3.46E-01,1.74
3.48E-01,1.8399999,3.48E-01,1.74
3.50E-01,1.86,3.50E-01,1.74
3.52E-01,1.86,3.52E-01,1.74
3.54E-01,1.86,3.54E-01,1.76
3.56E-01,1.86,3.56E-01,1.6999999
3.58E-01,1.8399999,3.58E-01,1.74
3.60E-01,1.8399999,3.60E-01,1.74
3.62E-01,1.88,3.62E-01,1.76
3.64E-01,1.8399999,3.64E-01,1.74
3.66E-01,1.8399999,3.66E-01,1.6999999
3.68E-01,1.8399999,3.68E-01,1.7199999
3.70E-01,1.9,3.70E-01,1.7199999
3.72E-01,1.88,3.72E-01,1.74
3.74E-01,1.86,3.74E-01,1.7199999
3.76E-01,1.86,3.76E-01,1.74
3.78E-01,1.8399999,3.78E-01,1.6999999
3.80E-01,1.88,3.80E-01,1.7199999
3.82E-01,1.88,3.82E-01,1.74
3.84E-01,1.88,3.84E-01,1.76
3.86E-01,1.8399999,3.86E-01,1.74
3.88E-01,1.88,3.88E-01,1.74
3.90E-01,1.88,3.90E-01,1.76
3.92E-01,1.88,3.92E-01,1.7199999
3.94E-01,1.88,3.94E-01,1.76
3.96E-01,1.88,3.96E-01,1.76
3.98E-01,1.88,3.98E-01,1.74
4.00E-01,1.88,4.00E-01,1.74
4.02E-01,1.88,4.02E-01,1.76
4.04E-01,1.9,4.04E-01,1.78
4.06E-01,1.9,4.06E-01,1.76
4.08E-01,1.88,4.08E-01,1.74
4.10E-01,1.9,4.10E-01,1.76
4.12E-01,1.88,4.12E-01,1.7199999
4.14E-01,1.9,4.14E-01,1.78
4.16E-01,1.9,4.16E-01,1.78
4.18E-01,1.9,4.18E-01,1.8
4.20E-01,1.88,4.20E-01,1.76
4.22E-01,1.9,4.22E-01,1.76
4.24E-01,1.9,4.24E-01,1.78
4.26E-01,1.9,4.26E-01,1.76
4.28E-01,1.92,4.28E-01,1.8
4.30E-01,1.9,4.30E-01,1.8
4.32E-01,1.9,4.32E-01,1.8
4.34E-01,1.9,4.34E-01,1.76
4.36E-01,1.9,4.36E-01,1.78
4.38E-01,1.9399999,4.38E-01,1.78
4.40E-01,1.92,4.40E-01,1.8
4.42E-01,1.92,4.42E-01,1.8
4.44E-01,1.9,4.44E-01,1.74
4.46E-01,1.9,4.46E-01,1.74
4.48E-01,1.9399999,4.48E-01,1.8
4.50E-01,1.92,4.50E-01,1.8199999
4.52E-01,1.9,4.52E-01,1.76
4.54E-01,1.92,4.54E-01,1.78
4.56E-01,1.92,4.56E-01,1.8
4.58E-01,1.9399999,4.58E-01,1.8199999
4.60E-01,1.9,4.60E-01,1.78
4.62E-01,1.9,4.62E-01,1.78
4.64E-01,1.92,4.64E-01,1.8199999
4.66E-01,1.9399999,4.66E-01,1.8199999
4.68E-01,1.92,4.68E-01,1.78
4.70E-01,1.92,4.70E-01,1.8
4.72E-01,1.92,4.72E-01,1.8199999
4.74E-01,1.9399999,4.74E-01,1.78
4.76E-01,1.9599999,4.76E-01,1.8199999
4.78E-01,1.9399999,4.78E-01,1.8199999
4.80E-01,1.92,4.80E-01,1.76
4.82E-01,1.9599999,4.82E-01,1.8199999
4.84E-01,1.9799999,4.84E-01,1.8399999
4.86E-01,1.92,4.86E-01,1.8
4.88E-01,1.9399999,4.88E-01,1.8
4.90E-01,1.9399999,4.90E-01,1.86
4.92E-01,1.9399999,4.92E-01,1.8399999
4.94E-01,1.9599999,4.94E-01,1.8199999
4.96E-01,1.9399999,4.96E-01,1.8
4.98E-01,1.9399999,4.98E-01,1.8199999
5.00E-01,1.9799999,5.00E-01,1.86
5.02E-01,1.9599999,5.02E-01,1.8199999
5.04E-01,1.9599999,5.04E-01,1.8199999
5.06E-01,1.9399999,5.06E-01,1.8399999
5.08E-01,1.9799999,5.08E-01,1.88
5.10E-01,1.9799999,5.10E-01,1.86
5.12E-01,1.9399999,5.12E-01,1.8199999
5.14E-01,1.9599999,5.14E-01,1.86
5.16E-01,1.9599999,5.16E-01,1.8199999
5.18E-01,1.9799999,5.18E-01,1.86
5.20E-01,1.9799999,5.20E-01,1.86
5.22E-01,1.9399999,5.22E-01,1.8
5.24E-01,1.9599999,5.24E-01,1.8199999
5.26E-01,1.9799999,5.26E-01,1.8199999
5.28E-01,1.9799999,5.28E-01,1.86
5.30E-01,1.9799999,5.30E-01,1.86
5.32E-01,1.9599999,5.32E-01,1.8199999
5.34E-01,1.9799999,5.34E-01,1.8399999
5.36E-01,1.9799999,5.36E-01,1.86
5.38E-01,1.9799999,5.38E-01,1.8399999
5.40E-01,1.9799999,5.40E-01,1.8199999
5.42E-01,2,5.42E-01,1.88
5.44E-01,2,5.44E-01,1.88
5.46E-01,1.9799999,5.46E-01,1.8199999
5.48E-01,1.9799999,5.48E-01,1.8399999
5.50E-01,1.9799999,5.50E-01,1.8399999
5.52E-01,2,5.52E-01,1.8399999
5.54E-01,2.02,5.54E-01,1.86
5.56E-01,1.9799999,5.56E-01,1.86
5.58E-01,2,5.58E-01,1.88
5.60E-01,2.02,5.60E-01,1.8399999
5.62E-01,2,5.62E-01,1.86
5.64E-01,2,5.64E-01,1.86
5.66E-01,2.02,5.66E-01,1.88
5.68E-01,2.02,5.68E-01,1.92
5.70E-01,2.02,5.70E-01,1.88
5.72E-01,2,5.72E-01,1.88
5.74E-01,2,5.74E-01,1.88
5.76E-01,2.02,5.76E-01,1.88
5.78E-01,2.02,5.78E-01,1.88
5.80E-01,2.04,5.80E-01,1.88
5.82E-01,2,5.82E-01,1.86
5.84E-01,2.02,5.84E-01,1.8399999
5.86E-01,2.04,5.86E-01,1.88
5.88E-01,2.04,5.88E-01,1.88
5.90E-01,2.02,5.90E-01,1.8399999
5.92E-01,2.02,5.92E-01,1.86
5.94E-01,2.02,5.94E-01,1.88
5.96E-01,2.0599999,5.96E-01,1.92
5.98E-01,2.04,5.98E-01,1.8399999
6.00E-01,2.04,6.00E-01,1.86
6.02E-01,2.0599999,6.02E-01,1.88
6.04E-01,2.04,6.04E-01,1.9
6.06E-01,2.0599999,6.06E-01,1.92
6.08E-01,2.04,6.08E-01,1.88
6.10E-01,2.04,6.10E-01,1.88
6.12E-01,2.0599999,6.12E-01,1.92
6.14E-01,2.04,6.14E-01,1.88
6.16E-01,2.04,6.16E-01,1.86
6.18E-01,2.04,6.18E-01,1.88
6.20E-01,2.0799999,6.20E-01,1.92
6.22E-01,2.0599999,6.22E-01,1.9
6.24E-01,2.04,6.24E-01,1.88
6.26E-01,2.0599999,6.26E-01,1.9
6.28E-01,2.0599999,6.28E-01,1.9
6.30E-01,2.0799999,6.30E-01,1.88
6.32E-01,2.0599999,6.32E-01,1.88
6.34E-01,2.0799999,6.34E-01,1.9
6.36E-01,2.0799999,6.36E-01,1.92
6.38E-01,2.0999999,6.38E-01,1.9399999
6.40E-01,2.0799999,6.40E-01,1.9
6.42E-01,2.0799999,6.42E-01,1.9
6.44E-01,2.0799999,6.44E-01,1.92
6.46E-01,2.0999999,6.46E-01,1.9399999
6.48E-01,2.0799999,6.48E-01,1.92
6.50E-01,2.0599999,6.50E-01,1.9
6.52E-01,2.0799999,6.52E-01,1.9
6.54E-01,2.1199999,6.54E-01,1.9399999
6.56E-01,2.0799999,6.56E-01,1.92
6.58E-01,2.0999999,6.58E-01,1.92
6.60E-01,2.0999999,6.60E-01,1.92
6.62E-01,2.0799999,6.62E-01,1.88
6.64E-01,2.0999999,6.64E-01,1.92
6.66E-01,2.1199999,6.66E-01,1.92
6.68E-01,2.0999999,6.68E-01,1.92
6.70E-01,2.1199999,6.70E-01,1.9399999
6.72E-01,2.1199999,6.72E-01,1.92
6.74E-01,2.0999999,6.74E-01,1.92
6.76E-01,2.0999999,6.76E-01,1.92
6.78E-01,2.1199999,6.78E-01,1.9399999
6.80E-01,2.1399999,6.80E-01,1.9599999
6.82E-01,2.1199999,6.82E-01,1.9399999
6.84E-01,2.1199999,6.84E-01,1.9399999
6.86E-01,2.0999999,6.86E-01,1.9399999
6.88E-01,2.1199999,6.88E-01,1.92
6.90E-01,2.1399999,6.90E-01,1.92
6.92E-01,2.1399999,6.92E-01,1.9599999
6.94E-01,2.1199999,6.94E-01,1.9399999
6.96E-01,2.1399999,6.96E-01,1.9599999
6.98E-01,2.1399999,6.98E-01,1.92
7.00E-01,2.1199999,7.00E-01,1.9599999
7.02E-01,2.1399999,7.02E-01,1.9599999
7.04E-01,2.1399999,7.04E-01,1.9599999
7.06E-01,2.1399999,7.06E-01,2
7.08E-01,2.1399999,7.08E-01,1.9599999
7.10E-01,2.1399999,7.10E-01,1.9599999
7.12E-01,2.1599998,7.12E-01,1.9799999
7.14E-01,2.1599998,7.14E-01,1.9599999
7.16E-01,2.1599998,7.16E-01,1.9599999
7.18E-01,2.1599998,7.18E-01,1.9799999
7.20E-01,2.1199999,7.20E-01,1.9599999
7.22E-01,2.1399999,7.22E-01,1.9599999
7.24E-01,2.1800001,7.24E-01,1.9599999
7.26E-01,2.1599998,7.26E-01,1.9799999
7.28E-01,2.1399999,7.28E-01,1.9599999
7.30E-01,2.1599998,7.30E-01,1.9599999
7.32E-01,2.1599998,7.32E-01,1.9599999
7.34E-01,2.1599998,7.34E-01,1.9599999
7.36E-01,2.1599998,7.36E-01,1.9599999
7.38E-01,2.1800001,7.38E-01,1.9599999
7.40E-01,2.1800001,7.40E-01,1.9799999
7.42E-01,2.1800001,7.42E-01,2
7.44E-01,2.1599998,7.44E-01,1.9599999
7.46E-01,2.1800001,7.46E-01,1.9599999
7.48E-01,2.1800001,7.48E-01,1.9799999
7.50E-01,2.1599998,7.50E-01,2.02
7.52E-01,2.2,7.52E-01,1.9799999
7.54E-01,2.1800001,7.54E-01,1.9599999
7.56E-01,2.1800001,7.56E-01,1.9799999
7.58E-01,2.1800001,7.58E-01,2
7.60E-01,2.1800001,7.60E-01,2.02
7.62E-01,2.2,7.62E-01,2
7.64E-01,2.1800001,7.64E-01,1.9799999
7.66E-01,2.1800001,7.66E-01,1.9799999
7.68E-01,2.1599998,7.68E-01,2.02
7.70E-01,2.2,7.70E-01,2
7.72E-01,2.1800001,7.72E-01,2.02
7.74E-01,2.2,7.74E-01,2
7.76E-01,2.2,7.76E-01,2.02
7.78E-01,2.22,7.78E-01,2.02
7.80E-01,2.2,7.80E-01,2.02
7.82E-01,2.1800001,7.82E-01,2
7.84E-01,2.22,7.84E-01,2.04
7.86E-01,2.24,7.86E-01,2.02
7.88E-01,2.2,7.88E-01,2.04
7.90E-01,2.2,7.90E-01,1.9799999
7.92E-01,2.2,7.92E-01,1.9599999
7.94E-01,2.24,7.94E-01,2.02
7.96E-01,2.22,7.96E-01,2.04
7.98E-01,2.22,7.98E-01,2.04
8.00E-01,2.2,8.00E-01,2.02
8.02E-01,2.24,8.02E-01,2.02
8.04E-01,2.22,8.04E-01,2.02
8.06E-01,2.22,8.06E-01,2.02
8.08E-01,2.2,8.08E-01,2.02
8.10E-01,2.22,8.10E-01,2.04
8.12E-01,2.24,8.12E-01,2.0599999
8.14E-01,2.22,8.14E-01,2.02
8.16E-01,2.22,8.16E-01,2.04
8.18E-01,2.22,8.18E-01,2.02
8.20E-01,2.24,8.20E-01,2.0799999
8.22E-01,2.24,8.22E-01,2.04
8.24E-01,2.24,8.24E-01,2.02
8.26E-01,2.24,8.26E-01,2.02
8.28E-01,2.24,8.28E-01,2.0599999
8.30E-01,2.24,8.30E-01,2.0599999
8.32E-01,2.24,8.32E-01,2.0599999
8.34E-01,2.26,8.34E-01,2.0799999
8.36E-01,2.26,8.36E-01,2.0599999
8.38E-01,2.26,8.38E-01,2.0599999
8.40E-01,2.24,8.40E-01,2.0599999
8.42E-01,2.24,8.42E-01,2.0599999
8.44E-01,2.24,8.44E-01,2.0799999
8.46E-01,2.26,8.46E-01,2.0799999
8.48E-01,2.28,8.48E-01,2.0999999
8.50E-01,2.24,8.50E-01,2.0599999
8.52E-01,2.24,8.52E-01,2.0599999
8.54E-01,2.24,8.54E-01,2.0799999
8.56E-01,2.26,8.56E-01,2.0599999
8.58E-01,2.26,8.58E-01,2.0599999
8.60E-01,2.26,8.60E-01,2.0599999
8.62E-01,2.28,8.62E-01,2.0799999
8.64E-01,2.3,8.64E-01,2.0999999
8.66E-01,2.28,8.66E-01,2.0999999
8.68E-01,2.26,8.68E-01,2.0599999
8.70E-01,2.26,8.70E-01,2.0599999
8.72E-01,2.28,8.72E-01,2.0799999
8.74E-01,2.3,8.74E-01,2.0999999
8.76E-01,2.28,8.76E-01,2.0999999
8.78E-01,2.28,8.78E-01,2.0599999
8.80E-01,2.28,8.80E-01,2.0999999
8.82E-01,2.3,8.82E-01,2.0999999
8.84E-01,2.26,8.84E-01,2.0999999
8.86E-01,2.28,8.86E-01,2.0999999
8.88E-01,2.3,8.88E-01,2.0999999
8.90E-01,2.3,8.90E-01,2.0999999
8.92E-01,2.26,8.92E-01,2.0799999
8.94E-01,2.28,8.94E-01,2.0799999
8.96E-01,2.28,8.96E-01,2.0799999
8.98E-01,2.28,8.98E-01,2.1399999
9.00E-01,2.28,9.00E-01,2.1199999
9.02E-01,2.3,9.02E-01,2.0599999
9.04E-01,2.28,9.04E-01,2.0999999
9.06E-01,2.3199999,9.06E-01,2.0999999
9.08E-01,2.3,9.08E-01,2.0999999
9.10E-01,2.28,9.10E-01,2.1199999
9.12E-01,2.28,9.12E-01,2.0599999
9.14E-01,2.3,9.14E-01,2.0999999
9.16E-01,2.3199999,9.16E-01,2.1199999
9.18E-01,2.3,9.18E-01,2.0999999
9.20E-01,2.28,9.20E-01,2.1199999
9.22E-01,2.28,9.22E-01,2.1199999
9.24E-01,2.3,9.24E-01,2.0799999
9.26E-01,2.3,9.26E-01,2.0999999
9.28E-01,2.3199999,9.28E-01,2.0999999
9.30E-01,2.3,9.30E-01,2.0999999
9.32E-01,2.3199999,9.32E-01,2.1199999
9.34E-01,2.3,9.34E-01,2.1399999
9.36E-01,2.3,9.36E-01,2.1199999
9.38E-01,2.3199999,9.38E-01,2.1199999
9.40E-01,2.3,9.40E-01,2.1199999
9.42E-01,2.3199999,9.42E-01,2.1199999
9.44E-01,2.3,9.44E-01,2.1199999
9.46E-01,2.3,9.46E-01,2.1399999
9.48E-01,2.3199999,9.48E-01,2.1399999
9.50E-01,2.3,9.50E-01,2.0999999
9.52E-01,2.3399999,9.52E-01,2.1399999
9.54E-01,2.3199999,9.54E-01,2.1199999
9.56E-01,2.3199999,9.56E-01,2.1199999
9.58E-01,2.3399999,9.58E-01,2.1399999
9.60E-01,2.3199999,9.60E-01,2.1599998
9.62E-01,2.3199999,9.62E-01,2.1399999
9.64E-01,2.3199999,9.64E-01,2.1199999
9.66E-01,2.3199999,9.66E-01,2.1399999
9.68E-01,2.3399999,9.68E-01,2.1599998
9.70E-01,2.3199999,9.70E-01,2.1399999
9.72E-01,2.3199999,9.72E-01,2.1399999
9.74E-01,2.3199999,9.74E-01,2.1599998
9.76E-01,2.3399999,9.76E-01,2.1800001
9.78E-01,2.3399999,9.78E-01,2.1599998
9.80E-01,2.3199999,9.80E-01,2.1399999
9.82E-01,2.3199999,9.82E-01,2.1399999
9.84E-01,2.3399999,9.84E-01,2.1800001
9.86E-01,2.3399999,9.86E-01,2.1599998
9.88E-01,2.3399999,9.88E-01,2.1599998
9.90E-01,2.3399999,9.90E-01,2.1599998
9.92E-01,2.3399999,9.92E-01,2.1599998
9.94E-01,2.3199999,9.94E-01,2.1399999
9.96E-01,2.3199999,9.96E-01,2.1599998
9.98E-01,2.3399999,9.98E-01,2.1599998
1,2.3399999,1,2.1800001
1.0020001,2.3599999,1.0020001,2.1800001
1.0040001,2.3399999,1.0040001,2.1599998
1.006,2.3199999,1.006,2.1599998
1.008,2.3199999,1.008,2.1399999
1.01,2.3399999,1.01,2.1599998
1.0120001,2.3599999,1.0120001,2.1800001
1.0140001,2.3399999,1.0140001,2.1599998
1.016,2.3399999,1.016,2.1800001
1.018,2.3399999,1.018,2.1599998
1.0200001,2.3399999,1.0200001,2.1599998
1.0220001,2.3199999,1.0220001,2.1599998
1.024,2.3399999,1.024,2.1599998
1.026,2.3399999,1.026,2.1800001
1.028,2.3399999,1.028,2.22
1.0300001,2.3399999,1.0300001,2.1800001
1.0320001,2.3399999,1.0320001,2.2
1.034,2.3399999,1.034,2.1599998
1.036,2.3599999,1.036,2.1800001
1.0380001,2.3399999,1.0380001,2.2
1.0400001,2.3399999,1.0400001,2.1800001
1.0420001,2.3399999,1.0420001,2.1800001
1.044,2.3399999,1.044,2.22
1.046,2.3799999,1.046,2.2
1.0480001,2.3399999,1.0480001,2.1599998
1.0500001,2.3399999,1.0500001,2.1800001
1.052,2.3599999,1.052,2.1800001
1.054,2.3799999,1.054,2.22
1.056,2.3399999,1.056,2.22
1.0580001,2.3399999,1.0580001,2.2
1.0600001,2.3599999,1.0600001,2.2
1.062,2.3599999,1.062,2.22
1.064,2.3799999,1.064,2.1800001
1.0660001,2.3399999,1.0660001,2.1800001
1.0680001,2.3599999,1.0680001,2.1800001
1.0700001,2.3599999,1.0700001,2.22
1.072,2.3599999,1.072,2.24
1.074,2.3399999,1.074,2.22
1.0760001,2.3599999,1.0760001,2.1800001
1.0780001,2.3799999,1.0780001,2.2
1.08,2.3799999,1.08,2.2
1.082,2.3599999,1.082,2.2
1.0840001,2.3599999,1.0840001,2.22
1.0860001,2.3799999,1.0860001,2.22
1.0880001,2.3599999,1.0880001,2.24
1.09,2.3599999,1.09,2.24
1.092,2.3599999,1.092,2.24
1.0940001,2.3599999,1.0940001,2.2
1.0960001,2.3599999,1.0960001,2.22
1.098,2.3799999,1.098,2.22
1.1,2.3599999,1.1,2.2
1.102,2.3399999,1.102,2.24
1.1040001,2.3599999,1.1040001,2.2
1.1060001,2.3599999,1.1060001,2.2
1.108,2.3599999,1.108,2.1800001
1.11,2.3599999,1.11,2.2
1.1120001,2.3399999,1.1120001,2.22
1.1140001,2.3799999,1.1140001,2.24
1.1160001,2.3599999,1.1160001,2.24
1.118,2.3599999,1.118,2.22
1.12,2.3599999,1.12,2.26
1.1220001,2.3599999,1.1220001,2.2
1.1240001,2.3799999,1.1240001,2.24
1.126,2.3599999,1.126,2.2
1.128,2.3599999,1.128,2.22
1.13,2.3599999,1.13,2.24
1.1320001,2.3799999,1.1320001,2.26
1.1340001,2.3399999,1.1340001,2.2
1.136,2.3799999,1.136,2.2
1.138,2.3799999,1.138,2.22
1.1400001,2.3999999,1.1400001,2.24
1.1420001,2.3799999,1.1420001,2.22
1.1440001,2.3599999,1.1440001,2.22
1.146,2.3599999,1.146,2.24
1.148,2.3799999,1.148,2.22
1.1500001,2.3799999,1.1500001,2.24
1.1520001,2.3599999,1.1520001,2.2
1.154,2.3399999,1.154,2.2
1.156,2.3799999,1.156,2.24
1.1580001,2.3599999,1.1580001,2.24
1.1600001,2.3799999,1.1600001,2.2
1.1620001,2.3599999,1.1620001,2.22
1.164,2.3599999,1.164,2.1800001
1.166,2.3599999,1.166,2.22
1.1680001,2.3799999,1.1680001,2.2
1.1700001,2.3599999,1.1700001,2.22
1.1720001,2.3799999,1.1720001,2.24
1.174,2.3799999,1.174,2.24
1.176,2.3799999,1.176,2.24
1.1780001,2.3599999,1.1780001,2.22
1.1800001,2.3599999,1.1800001,2.2
1.182,2.3799999,1.182,2.22
1.184,2.3799999,1.184,2.26
1.1860001,2.3599999,1.1860001,2.22
1.1880001,2.3599999,1.1880001,2.24
1.1900001,2.3599999,1.1900001,2.22
1.192,2.3799999,1.192,2.22
1.194,2.3599999,1.194,2.2
1.1960001,2.3399999,1.1960001,2.22
1.1980001,2.3599999,1.1980001,2.22
1.2,2.3599999,1.2,2.24
1.202,2.3599999,1.202,2.26
1.2040001,2.3399999,1.2040001,2.2
1.2060001,2.3599999,1.2060001,2.2
1.2080001,2.3799999,1.2080001,2.22
1.21,2.3599999,1.21,2.24
1.212,2.3599999,1.212,2.2
1.2140001,2.3599999,1.2140001,2.24
1.2160001,2.3399999,1.2160001,2.22
1.2180001,2.3799999,1.2180001,2.22
1.22,2.3799999,1.22,2.24
1.222,2.3799999,1.222,2.2
1.2240001,2.3399999,1.2240001,2.22
1.2260001,2.3799999,1.2260001,2.24
1.228,2.3599999,1.228,2.24
1.23,2.3599999,1.23,2.2
1.2320001,2.3599999,1.2320001,2.24
1.2340001,2.3799999,1.2340001,2.22
1.2360001,2.3399999,1.2360001,2.22
1.238,2.3399999,1.238,2.24
1.24,2.3599999,1.24,2.22
1.2420001,2.3599999,1.2420001,2.26
1.2440001,2.3599999,1.2440001,2.26
1.2460001,2.3399999,1.2460001,2.22
1.248,2.3399999,1.248,2.1800001
1.25,2.3399999,1.25,2.22
1.2520001,2.3599999,1.2520001,2.24
1.2540001,2.3399999,1.2540001,2.26
1.256,2.3399999,1.256,2.24
1.258,2.3399999,1.258,2.26
1.2600001,2.3399999,1.2600001,2.26
1.2620001,2.3599999,1.2620001,2.24
1.2640001,2.3199999,1.2640001,2.2
1.266,2.3399999,1.266,2.2
1.268,2.3399999,1.268,2.24
1.2700001,2.3399999,1.2700001,2.24
1.2720001,2.3399999,1.2720001,2.24
1.274,2.3399999,1.274,2.24
1.276,2.3399999,1.276,2.1800001
1.2780001,2.3599999,1.2780001,2.24
1.2800001,2.3599999,1.2800001,2.26
1.2820001,2.3199999,1.2820001,2.22
1.284,2.3399999,1.284,2.22
1.286,2.3599999,1.286,2.28
1.2880001,2.3399999,1.2880001,2.24
1.2900001,2.3199999,1.2900001,2.2
1.2920001,2.3399999,1.2920001,2.2
1.294,2.3399999,1.294,2.22
1.296,2.3399999,1.296,2.26
1.2980001,2.3399999,1.2980001,2.24
1.3000001,2.3199999,1.3000001,2.24
1.302,2.3399999,1.302,2.24
1.304,2.3399999,1.304,2.22
1.3060001,2.3599999,1.3060001,2.24
1.3080001,2.3199999,1.3080001,2.22
1.3100001,2.3399999,1.3100001,2.24
1.312,2.3399999,1.312,2.24
1.314,2.3399999,1.314,2.26
1.3160001,2.3,1.3160001,2.2
1.3180001,2.3199999,1.3180001,2.2
1.3200001,2.3199999,1.3200001,2.22
1.322,2.3199999,1.322,2.24
1.3240001,2.3199999,1.3240001,2.22
1.3260001,2.3199999,1.3260001,2.22
1.3280001,2.3,1.3280001,2.2
1.33,2.3199999,1.33,2.22
1.332,2.3399999,1.332,2.24
1.3340001,2.3199999,1.3340001,2.24
1.3360001,2.3199999,1.3360001,2.22
1.3380001,2.3199999,1.3380001,2.26
1.34,2.3199999,1.34,2.24
1.342,2.3,1.342,2.1599998
1.3440001,2.3,1.3440001,2.2
1.3460001,2.3199999,1.3460001,2.24
1.348,2.3199999,1.348,2.24
1.35,2.3,1.35,2.24
1.3520001,2.3,1.3520001,2.24
1.3540001,2.3199999,1.3540001,2.24
1.3560001,2.3199999,1.3560001,2.22
1.358,2.3199999,1.358,2.22
1.36,2.28,1.36,2.2
1.3620001,2.3,1.3620001,2.2
1.3640001,2.3,1.3640001,2.26
1.3660001,2.28,1.3660001,2.22
1.368,2.3,1.368,2.1800001
1.3700001,2.3,1.3700001,2.2
1.3720001,2.3,1.3720001,2.24
1.3740001,2.3,1.3740001,2.24
1.376,2.28,1.376,2.22
1.378,2.3,1.378,2.22
1.3800001,2.3,1.3800001,2.1800001
1.3820001,2.3,1.3820001,2.2
1.3840001,2.28,1.3840001,2.22
1.386,2.28,1.386,2.2
1.388,2.28,1.388,2.22
1.3900001,2.28,1.3900001,2.22
1.3920001,2.28,1.3920001,2.24
1.3940001,2.28,1.3940001,2.2
1.396,2.28,1.396,2.1800001
1.3980001,2.3199999,1.3980001,2.24
1.4000001,2.3,1.4000001,2.24
1.4020001,2.26,1.4020001,2.22
1.404,2.26,1.404,2.1800001
1.406,2.28,1.406,2.1599998
1.4080001,2.3,1.4080001,2.22
1.4100001,2.3,1.4100001,2.22
1.4120001,2.26,1.4120001,2.22
1.414,2.26,1.414,2.1800001
1.416,2.26,1.416,2.2
1.4180001,2.28,1.4180001,2.1800001
1.4200001,2.26,1.4200001,2.1800001
1.4220001,2.26,1.4220001,2.1800001
1.424,2.26,1.424,2.22
1.4260001,2.26,1.4260001,2.24
1.4280001,2.26,1.4280001,2.1800001
1.4300001,2.26,1.4300001,2.1800001
1.432,2.26,1.432,2.2
1.434,2.26,1.434,2.2
1.4360001,2.24,1.4360001,2.1599998
1.4380001,2.26,1.4380001,2.1599998
1.4400001,2.24,1.4400001,2.1599998
1.442,2.26,1.442,2.2
1.4440001,2.26,1.4440001,2.1800001
1.4460001,2.24,1.4460001,2.2
1.4480001,2.24,1.4480001,2.1599998
1.45,2.26,1.45,2.1800001
1.452,2.24,1.452,2.2
1.4540001,2.24,1.4540001,2.1599998
1.4560001,2.24,1.4560001,2.1800001
1.4580001,2.24,1.4580001,2.22
1.46,2.26,1.46,2.2
1.462,2.22,1.462,2.1599998
1.4640001,2.22,1.4640001,2.1599998
1.4660001,2.24,1.4660001,2.1800001
1.4680001,2.26,1.4680001,2.1599998
1.47,2.24,1.47,2.1599998
1.4720001,2.22,1.4720001,2.1599998
1.4740001,2.24,1.4740001,2.1599998
1.4760001,2.24,1.4760001,2.2
1.478,2.24,1.478,2.1599998
1.48,2.24,1.48,2.1599998
1.4820001,2.24,1.4820001,2.1599998
1.4840001,2.24,1.4840001,2.1599998
1.4860001,2.24,1.4860001,2.1599998
1.488,2.22,1.488,2.1599998
1.4900001,2.22,1.4900001,2.1800001
1.4920001,2.22,1.4920001,2.1199999
1.4940001,2.24,1.4940001,2.1800001
1.4960001,2.2,1.4960001,2.1599998
1.498,2.22,1.498,2.1599998
1.5000001,2.22,1.5000001,2.1199999
1.5020001,2.22,1.5020001,2.1399999
1.5040001,2.22,1.5040001,2.1599998
1.506,2.2,1.506,2.1399999
1.508,2.22,1.508,2.1599998
1.5100001,2.2,1.5100001,2.1399999
1.5120001,2.2,1.5120001,2.1199999
1.5140001,2.2,1.5140001,2.1399999
1.516,2.1800001,1.516,2.1399999
1.5180001,2.1800001,1.5180001,2.1800001
1.5200001,2.2,1.5200001,2.1599998
1.5220001,2.2,1.5220001,2.1199999
1.524,2.1800001,1.524,2.1199999
1.526,2.1800001,1.526,2.1199999
1.5280001,2.2,1.5280001,2.1599998
1.5300001,2.22,1.5300001,2.1399999
1.5320001,2.1800001,1.5320001,2.0999999
1.534,2.1800001,1.534,2.1199999
1.536,2.1800001,1.536,2.1599998
1.5380001,2.2,1.5380001,2.0999999
1.5400001,2.1599998,1.5400001,2.0999999
1.5420001,2.1800001,1.5420001,2.0999999
1.544,2.1800001,1.544,2.1199999
1.5460001,2.1800001,1.5460001,2.1199999
1.5480001,2.1800001,1.5480001,2.1599998
1.5500001,2.1599998,1.5500001,2.0999999
1.552,2.1599998,1.552,2.0999999
1.554,2.1800001,1.554,2.1199999
1.5560001,2.1800001,1.5560001,2.1399999
1.5580001,2.1599998,1.5580001,2.0999999
1.5600001,2.1599998,1.5600001,2.0999999
1.562,2.1800001,1.562,2.1199999
1.5640001,2.1800001,1.5640001,2.1199999
1.5660001,2.1599998,1.5660001,2.0799999
1.5680001,2.1599998,1.5680001,2.0799999
1.5700001,2.1399999,1.5700001,2.0999999
1.572,2.1599998,1.572,2.1399999
1.5740001,2.1599998,1.5740001,2.04
1.5760001,2.1399999,1.5760001,2.0799999
1.5780001,2.1399999,1.5780001,2.0999999
1.58,2.1399999,1.58,2.0999999
1.582,2.1399999,1.582,2.0999999
1.5840001,2.1399999,1.5840001,2.04
1.5860001,2.1399999,1.5860001,2.0599999
1.5880001,2.1399999,1.5880001,2.0999999
1.59,2.1399999,1.59,2.0999999
1.5920001,2.1199999,1.5920001,2.0999999
1.5940001,2.1199999,1.5940001,2.0599999
1.5960001,2.1399999,1.5960001,2.0799999
1.598,2.1399999,1.598,2.0999999
1.6,2.1199999,1.6,2.04
1.6020001,2.1399999,1.6020001,2.0599999
1.6040001,2.1199999,1.6040001,2.0799999
1.6060001,2.1399999,1.6060001,2.0999999
1.608,2.1199999,1.608,2.04
1.6100001,2.1199999,1.6100001,2.02
1.6120001,2.0999999,1.6120001,2.0599999
1.6140001,2.1199999,1.6140001,2.0799999
1.6160001,2.1199999,1.6160001,2.0799999
1.618,2.1199999,1.618,2.0599999
1.6200001,2.0999999,1.6200001,2.04
1.6220001,2.0999999,1.6220001,2.0599999
1.6240001,2.1199999,1.6240001,2.0999999
1.626,2.0999999,1.626,2.0599999
1.628,2.0799999,1.628,2.02
1.6300001,2.0799999,1.6300001,2.0799999
1.6320001,2.0999999,1.6320001,2.0799999
1.6340001,2.0999999,1.6340001,2.04
1.636,2.0999999,1.636,2.02
1.6380001,2.0799999,1.6380001,2.04
1.6400001,2.0799999,1.6400001,2.0799999
1.6420001,2.0999999,1.6420001,2.04
1.6440001,2.0799999,1.6440001,2.04
1.646,2.0799999,1.646,2.02
1.6480001,2.0799999,1.6480001,2.0599999
1.6500001,2.0799999,1.6500001,2.0599999
1.6520001,2.0599999,1.6520001,2
1.654,2.0799999,1.654,2.02
1.6560001,2.0799999,1.6560001,2.04
1.6580001,2.0799999,1.6580001,2.0599999
1.6600001,2.0599999,1.6600001,2
1.6620001,2.0599999,1.6620001,2.02
1.664,2.0599999,1.664,2.02
1.6660001,2.0799999,1.6660001,2.02
1.6680001,2.0799999,1.6680001,2.04
1.6700001,2.04,1.6700001,2
1.6720001,2.0599999,1.6720001,2.04
1.674,2.0799999,1.674,2.02
1.6760001,2.0599999,1.6760001,2.04
1.6780001,2.0599999,1.6780001,2.02
1.6800001,2.0599999,1.6800001,2.04
1.682,2.0599999,1.682,2.0599999
1.6840001,2.0599999,1.6840001,2
1.6860001,2.0599999,1.6860001,2
1.6880001,2.04,1.6880001,2.04
1.6900001,2.04,1.6900001,2.02
1.692,2.04,1.692,2
1.6940001,2.04,1.6940001,2.02
1.6960001,2.02,1.6960001,2.02
1.6980001,2.04,1.6980001,1.9799999
1.7,2.04,1.7,2.02
1.702,2.04,1.702,2.02
1.7040001,2.02,1.7040001,2.02
1.7060001,2.02,1.7060001,1.9799999
1.7080001,2.04,1.7080001,2
1.71,2.02,1.71,2.02
1.7120001,2,1.7120001,2
1.7140001,2.02,1.7140001,1.9799999
1.7160001,2,1.7160001,2
1.7180001,2.04,1.7180001,2.02
1.72,2.02,1.72,1.9799999
1.7220001,2,1.7220001,1.9599999
1.7240001,2,1.7240001,1.9799999
1.7260001,2.02,1.7260001,2.02
1.728,2.02,1.728,1.9799999
1.7300001,2,1.7300001,1.9599999
1.7320001,2,1.7320001,1.9799999
1.7340001,2.02,1.7340001,1.9799999
1.7360001,2.02,1.7360001,1.9599999
1.738,1.9799999,1.738,1.9599999
1.7400001,2,1.7400001,1.9599999
1.7420001,2,1.7420001,1.9799999
1.7440001,2,1.7440001,1.9799999
1.7460001,2,1.7460001,1.9599999
1.748,1.9799999,1.748,1.9799999
1.7500001,1.9799999,1.7500001,2
1.7520001,2,1.7520001,2
1.7540001,1.9799999,1.7540001,1.9599999
1.756,2,1.756,1.9799999
1.7580001,1.9799999,1.7580001,2
1.7600001,1.9799999,1.7600001,1.9599999
1.7620001,1.9799999,1.7620001,1.9599999
1.7640001,1.9799999,1.7640001,1.9799999
1.766,1.9799999,1.766,2
1.7680001,1.9799999,1.7680001,1.9599999
1.7700001,1.9799999,1.7700001,1.9799999
1.7720001,1.9599999,1.7720001,1.9799999
1.774,1.9599999,1.774,1.92
1.7760001,1.9799999,1.7760001,1.9599999
1.7780001,1.9599999,1.7780001,1.9599999
1.7800001,1.9599999,1.7800001,1.92
1.7820001,1.9599999,1.7820001,1.9399999
1.784,1.9599999,1.784,1.92
1.7860001,1.9599999,1.7860001,1.92
1.7880001,1.9799999,1.7880001,1.9399999
1.7900001,1.9599999,1.7900001,1.9399999
1.7920001,1.9399999,1.7920001,1.88
1.794,1.9599999,1.794,1.9399999
1.7960001,1.9599999,1.7960001,1.9599999
1.7980001,1.9399999,1.7980001,1.9399999
1.8000001,1.9399999,1.8000001,1.9
1.802,1.9599999,1.802,1.92
1.8040001,1.9599999,1.8040001,1.9399999
1.8060001,1.92,1.8060001,1.88
1.8080001,1.9399999,1.8080001,1.88
1.8100001,1.9399999,1.8100001,1.92
1.812,1.9399999,1.812,1.9
1.8140001,1.9399999,1.8140001,1.9
1.8160001,1.92,1.8160001,1.9
1.8180001,1.92,1.8180001,1.86
1.8200001,1.9599999,1.8200001,1.92
1.8220001,1.9399999,1.8220001,1.92
1.8240001,1.92,1.8240001,1.86
1.8260001,1.92,1.8260001,1.88
1.8280001,1.92,1.8280001,1.9
1.83,1.9399999,1.83,1.88
1.8320001,1.92,1.8320001,1.86
1.8340001,1.92,1.8340001,1.88
1.8360001,1.92,1.8360001,1.88
1.8380001,1.92,1.8380001,1.88
1.84,1.92,1.84,1.88
1.8420001,1.9,1.8420001,1.8399999
1.8440001,1.9,1.8440001,1.86
1.8460001,1.92,1.8460001,1.88
1.848,1.9,1.848,1.86
1.8500001,1.9,1.8500001,1.8399999
1.8520001,1.92,1.8520001,1.86
1.8540001,1.9,1.8540001,1.9
1.8560001,1.92,1.8560001,1.88
1.858,1.9,1.858,1.86
1.8600001,1.9,1.8600001,1.88
1.8620001,1.9,1.8620001,1.88
1.8640001,1.9,1.8640001,1.88
1.8660001,1.9,1.8660001,1.86
1.868,1.9,1.868,1.88
1.8700001,1.9,1.8700001,1.9
1.8720001,1.9,1.8720001,1.86
1.8740001,1.88,1.8740001,1.88
1.876,1.9,1.876,1.88
1.8780001,1.9,1.8780001,1.88
1.8800001,1.88,1.8800001,1.86
1.8820001,1.9,1.8820001,1.88
1.8840001,1.88,1.8840001,1.8199999
1.886,1.88,1.886,1.8399999
1.8880001,1.9,1.8880001,1.8399999
1.8900001,1.88,1.8900001,1.86
1.8920001,1.88,1.8920001,1.86
1.8940001,1.86,1.8940001,1.8
1.8960001,1.86,1.8960001,1.8399999
1.8980001,1.9,1.8980001,1.86
1.9000001,1.88,1.9000001,1.86
1.9020001,1.86,1.9020001,1.86
1.904,1.88,1.904,1.8399999
1.9060001,1.86,1.9060001,1.86
1.9080001,1.88,1.9080001,1.88
1.9100001,1.86,1.9100001,1.8399999
1.9120001,1.8399999,1.9120001,1.8399999
1.914,1.86,1.914,1.86
1.9160001,1.88,1.9160001,1.86
1.9180001,1.86,1.9180001,1.8199999
1.9200001,1.8399999,1.9200001,1.8199999
1.9220001,1.8399999,1.9220001,1.8199999
1.9240001,1.88,1.9240001,1.86
1.9260001,1.86,1.9260001,1.8399999
1.9280001,1.86,1.9280001,1.8199999
1.9300001,1.86,1.9300001,1.8399999
1.932,1.86,1.932,1.8199999
1.9340001,1.86,1.9340001,1.8
1.9360001,1.8399999,1.9360001,1.8199999
1.9380001,1.8399999,1.9380001,1.8
1.9400001,1.86,1.9400001,1.8199999
1.9420002,1.86,1.9420002,1.8399999
1.9440001,1.8399999,1.9440001,1.78
1.9460001,1.8399999,1.9460001,1.8
1.9480001,1.8399999,1.9480001,1.8199999
1.95,1.86,1.95,1.8
1.9520001,1.86,1.9520001,1.78
1.9540001,1.8399999,1.9540001,1.8199999
1.9560001,1.8399999,1.9560001,1.78
1.9580001,1.86,1.9580001,1.8
1.96,1.8399999,1.96,1.8199999
1.9620001,1.8399999,1.9620001,1.78
1.9640001,1.8399999,1.9640001,1.8
1.9660001,1.86,1.9660001,1.78
1.9680001,1.8399999,1.9680001,1.78
1.9700001,1.8199999,1.9700001,1.76
1.9720001,1.8399999,1.9720001,1.74
1.9740001,1.8199999,1.9740001,1.76
1.9760001,1.8399999,1.9760001,1.8199999
1.978,1.8199999,1.978,1.8
1.9800001,1.8399999,1.9800001,1.78
1.9820001,1.8399999,1.9820001,1.78
1.9840001,1.8399999,1.9840001,1.8199999
1.9860001,1.8199999,1.9860001,1.8199999
1.988,1.8399999,1.988,1.78
1.9900001,1.8199999,1.9900001,1.8
1.9920001,1.8399999,1.9920001,1.8199999
1.9940001,1.8399999,1.9940001,1.78
1.9960001,1.8399999,1.9960001,1.78
1.9980001,1.8,1.9980001,1.74
2,1.8399999,2,1.8
2.0020001,1.8399999,2.0020001,1.8199999
2.0040002,1.8199999,2.0040002,1.74
2.006,1.8199999,2.006,1.78
2.0080001,1.8399999,2.0080001,1.8199999
2.01,1.8199999,2.01,1.76
2.0120001,1.8,2.0120001,1.76
2.0140002,1.8,2.0140002,1.74
2.016,1.8199999,2.016,1.76
2.0180001,1.8199999,2.0180001,1.78
2.02,1.8199999,2.02,1.76
2.0220001,1.8199999,2.0220001,1.76
2.0240002,1.8,2.0240002,1.76
2.026,1.8199999,2.026,1.74
2.0280001,1.8199999,2.0280001,1.76
2.0300002,1.8199999,2.0300002,1.74
2.0320001,1.8,2.0320001,1.74
2.0340002,1.8199999,2.0340002,1.76
2.036,1.8199999,2.036,1.78
2.0380001,1.8,2.0380001,1.7199999
2.0400002,1.8,2.0400002,1.74
2.0420001,1.8,2.0420001,1.76
2.0440001,1.8199999,2.0440001,1.76
2.046,1.8399999,2.046,1.76
2.0480001,1.8,2.0480001,1.76
2.0500002,1.78,2.0500002,1.7199999
2.052,1.8199999,2.052,1.76
2.0540001,1.8199999,2.0540001,1.76
2.056,1.8,2.056,1.74
2.0580001,1.8199999,2.0580001,1.74
2.0600002,1.8199999,2.0600002,1.76
2.062,1.8199999,2.062,1.76
2.0640001,1.8199999,2.0640001,1.74
2.066,1.8,2.066,1.78
2.0680001,1.8,2.0680001,1.76
2.0700002,1.8,2.0700002,1.76
2.072,1.8,2.072,1.78
2.0740001,1.8,2.0740001,1.7199999
2.0760002,1.8,2.0760002,1.76
2.0780001,1.8199999,2.0780001,1.8
2.0800002,1.8199999,2.0800002,1.76
2.082,1.8,2.082,1.7199999
2.0840001,1.8,2.0840001,1.76
2.0860002,1.8199999,2.0860002,1.76
2.0880001,1.8,2.0880001,1.78
2.0900002,1.78,2.0900002,1.76
2.092,1.8,2.092,1.74
2.0940001,1.8199999,2.0940001,1.74
2.0960002,1.8,2.0960002,1.78
2.098,1.8,2.098,1.76
2.1000001,1.78,2.1000001,1.76
2.102,1.78,2.102,1.78
2.1040001,1.8,2.1040001,1.74
2.1060002,1.8,2.1060002,1.74
2.108,1.8,2.108,1.76
2.1100001,1.8,2.1100001,1.78
2.112,1.78,2.112,1.74
2.1140001,1.8,2.1140001,1.76
2.1160002,1.78,2.1160002,1.74
2.118,1.8,2.118,1.74
2.1200001,1.8,2.1200001,1.76
2.1220002,1.8199999,2.1220002,1.76
2.1240001,1.78,2.1240001,1.6799999
2.1260002,1.8,2.1260002,1.6999999
2.128,1.78,2.128,1.7199999
2.1300001,1.8,2.1300001,1.76
2.1320002,1.78,2.1320002,1.6999999
2.1340001,1.8,2.1340001,1.7199999
2.1360002,1.8,2.1360002,1.74
2.138,1.8199999,2.138,1.78
2.1400001,1.8,2.1400001,1.7199999
2.1420002,1.78,2.1420002,1.74
2.1440001,1.8,2.1440001,1.76
2.1460001,1.8,2.1460001,1.74
2.148,1.8,2.148,1.76
2.1500001,1.78,2.1500001,1.76
2.1520002,1.8,2.1520002,1.74
2.154,1.8,2.154,1.74
2.1560001,1.8,2.1560001,1.7199999
2.158,1.8,2.158,1.7199999
2.1600001,1.78,2.1600001,1.74
2.1620002,1.78,2.1620002,1.6999999
2.164,1.8,2.164,1.74
2.1660001,1.8,2.1660001,1.74
2.1680002,1.78,2.1680002,1.6999999
2.1700001,1.78,2.1700001,1.7199999
2.1720002,1.8,2.1720002,1.76
2.174,1.8,2.174,1.74
2.1760001,1.8,2.1760001,1.74
2.1780002,1.8,2.1780002,1.74
2.1800001,1.8,2.1800001,1.8
2.1820002,1.8,2.1820002,1.76
2.184,1.78,2.184,1.76
2.1860001,1.8,2.1860001,1.76
2.1880002,1.8,2.1880002,1.7199999
2.1900001,1.8,2.1900001,1.76
2.1920002,1.8,2.1920002,1.78
2.194,1.78,2.194,1.74
2.1960001,1.78,2.1960001,1.74
2.1980002,1.8199999,2.1980002,1.74
2.2,1.8199999,2.2,1.76
2.2020001,1.8,2.2020001,1.6999999
2.204,1.8,2.204,1.7199999
2.2060001,1.8,2.2060001,1.74
2.2080002,1.8199999,2.2080002,1.74
2.21,1.8,2.21,1.6999999
2.2120001,1.8,2.2120001,1.74
2.214,1.8,2.214,1.76
2.2160001,1.8,2.2160001,1.74
2.2180002,1.8,2.2180002,1.74
2.22,1.8,2.22,1.76
2.2220001,1.8,2.2220001,1.74
2.2240002,1.8,2.2240002,1.74
2.2260001,1.8,2.2260001,1.76
2.2280002,1.8,2.2280002,1.7199999
2.23,1.8,2.23,1.74
2.2320001,1.8,2.2320001,1.76
2.2340002,1.8,2.2340002,1.74
2.2360001,1.8,2.2360001,1.7199999
2.2380002,1.8,2.2380002,1.7199999
2.24,1.8199999,2.24,1.7199999
2.2420001,1.8199999,2.2420001,1.76
2.2440002,1.78,2.2440002,1.6999999
2.2460001,1.8,2.2460001,1.74
2.2480001,1.8,2.2480001,1.66
2.25,1.8399999,2.25,1.7199999
2.2520001,1.8,2.2520001,1.6799999
2.2540002,1.8,2.2540002,1.6999999
2.256,1.8199999,2.256,1.7199999
2.2580001,1.8,2.2580001,1.7199999
2.26,1.8199999,2.26,1.6999999
2.2620001,1.8,2.2620001,1.7199999
2.2640002,1.8199999,2.2640002,1.74
2.266,1.8399999,2.266,1.6799999
2.2680001,1.8199999,2.2680001,1.7199999
2.2700002,1.8,2.2700002,1.7199999
2.2720001,1.8,2.2720001,1.6799999
2.2740002,1.8,2.2740002,1.74
2.276,1.8399999,2.276,1.7199999
2.2780001,1.8399999,2.2780001,1.7199999
2.2800002,1.8,2.2800002,1.7199999
2.2820001,1.8,2.2820001,1.6799999
2.2840002,1.8399999,2.2840002,1.7199999
2.286,1.8399999,2.286,1.74
2.2880001,1.8199999,2.2880001,1.6799999
2.2900002,1.8199999,2.2900002,1.6999999
2.2920001,1.8399999,2.2920001,1.74
2.2940001,1.8399999,2.2940001,1.6999999
2.296,1.8199999,2.296,1.6999999
2.2980001,1.8199999,2.2980001,1.74
2.3000002,1.8199999,2.3000002,1.6799999
2.302,1.8399999,2.302,1.6999999
2.3040001,1.8,2.3040001,1.74
2.306,1.8399999,2.306,1.74
2.3080001,1.8199999,2.3080001,1.6999999
2.3100002,1.8399999,2.3100002,1.7199999
2.312,1.8199999,2.312,1.6799999
2.3140001,1.8199999,2.3140001,1.7199999
2.3160002,1.8399999,2.3160002,1.74
2.3180001,1.86,2.3180001,1.74
2.3200002,1.8399999,2.3200002,1.7199999
2.322,1.8199999,2.322,1.74
2.3240001,1.8399999,2.3240001,1.6799999
2.3260002,1.8399999,2.3260002,1.7199999
2.3280001,1.8399999,2.3280001,1.74
2.3300002,1.8399999,2.3300002,1.6799999
2.332,1.8399999,2.332,1.7199999
2.3340001,1.8399999,2.3340001,1.74
2.3360002,1.86,2.3360002,1.7199999
2.3380001,1.86,2.3380001,1.6999999
2.3400002,1.8399999,2.3400002,1.7199999
2.342,1.8399999,2.342,1.6999999
2.3440001,1.86,2.3440001,1.74
2.3460002,1.86,2.3460002,1.7199999
2.348,1.8399999,2.348,1.7199999
2.3500001,1.8399999,2.3500001,1.7199999
2.352,1.88,2.352,1.76
2.3540001,1.86,2.3540001,1.74
2.3560002,1.8399999,2.3560002,1.7199999
2.358,1.8399999,2.358,1.6799999
2.3600001,1.8399999,2.3600001,1.6999999
2.3620002,1.88,2.3620002,1.6999999
2.3640001,1.88,2.3640001,1.7199999
2.3660002,1.86,2.3660002,1.7199999
2.368,1.86,2.368,1.7199999
2.3700001,1.86,2.3700001,1.6999999
2.3720002,1.86,2.3720002,1.7199999
2.3740001,1.88,2.3740001,1.7199999
2.3760002,1.86,2.3760002,1.74
2.378,1.88,2.378,1.7199999
2.3800001,1.88,2.3800001,1.7199999
2.3820002,1.88,2.3820002,1.74
2.3840001,1.88,2.3840001,1.7199999
2.3860002,1.88,2.3860002,1.74
2.388,1.86,2.388,1.76
2.3900001,1.88,2.3900001,1.6999999
2.3920002,1.88,2.3920002,1.7199999
2.3940001,1.88,2.3940001,1.76
2.3960001,1.9,2.3960001,1.76
2.398,1.88,2.398,1.74
2.4000001,1.88,2.4000001,1.74
2.4020002,1.88,2.4020002,1.74
2.404,1.9,2.404,1.76
2.4060001,1.9,2.4060001,1.76
2.4080002,1.9,2.4080002,1.76
2.4100001,1.88,2.4100001,1.76
2.4120002,1.9,2.4120002,1.76
2.414,1.9,2.414,1.76
2.4160001,1.88,2.4160001,1.78
2.4180002,1.9,2.4180002,1.76
2.4200001,1.9,2.4200001,1.76
2.4220002,1.9,2.4220002,1.78
2.424,1.9,2.424,1.8
2.4260001,1.88,2.4260001,1.74
2.4280002,1.9,2.4280002,1.78
2.4300001,1.92,2.4300001,1.78
2.4320002,1.9,2.4320002,1.78
2.434,1.9,2.434,1.76
2.4360001,1.9,2.4360001,1.76
2.4380002,1.92,2.4380002,1.78
2.4400001,1.92,2.4400001,1.8199999
2.4420002,1.9,2.4420002,1.76
2.444,1.9,2.444,1.76
2.4460001,1.92,2.4460001,1.78
2.4480002,1.92,2.4480002,1.8199999
2.45,1.9,2.45,1.8199999
2.4520001,1.9,2.4520001,1.76
2.4540002,1.92,2.4540002,1.8
2.4560001,1.9399999,2.4560001,1.8199999
2.4580002,1.92,2.4580002,1.76
2.46,1.92,2.46,1.78
2.4620001,1.92,2.4620001,1.8
2.4640002,1.9399999,2.4640002,1.8
2.4660001,1.9399999,2.4660001,1.8
2.4680002,1.9399999,2.4680002,1.8
2.47,1.9399999,2.47,1.8
2.4720001,1.9399999,2.4720001,1.78
2.4740002,1.9399999,2.4740002,1.8199999
2.4760001,1.9399999,2.4760001,1.8
2.4780002,1.9399999,2.4780002,1.78
2.48,1.9399999,2.48,1.8
2.4820001,1.9599999,2.4820001,1.8199999
2.4840002,1.9399999,2.4840002,1.76
2.4860001,1.9399999,2.4860001,1.78
2.4880002,1.9399999,2.4880002,1.8
2.49,1.9599999,2.49,1.8
2.4920001,1.9599999,2.4920001,1.8199999
2.4940002,1.9599999,2.4940002,1.78
2.4960001,1.9599999,2.4960001,1.76
2.4980001,1.9599999,2.4980001,1.8
2.5,1.9599999,2.5,1.8199999
2.5020001,1.9599999,2.5020001,1.8199999
2.5040002,1.9399999,2.5040002,1.78
2.506,1.9599999,2.506,1.78
2.5080001,1.9799999,2.5080001,1.8199999
2.5100002,1.9599999,2.5100002,1.8199999
2.5120001,1.9599999,2.5120001,1.8
2.5140002,1.9799999,2.5140002,1.8199999
2.516,1.9799999,2.516,1.8199999
2.5180001,1.9799999,2.5180001,1.8
2.5200002,1.9599999,2.5200002,1.8399999
2.5220001,1.9599999,2.5220001,1.8199999
2.5240002,1.9799999,2.5240002,1.86
2.526,1.9599999,2.526,1.8
2.5280001,1.9599999,2.5280001,1.8199999
2.5300002,1.9799999,2.5300002,1.8399999
2.5320001,1.9799999,2.5320001,1.86
2.5340002,1.9799999,2.5340002,1.8199999
2.536,1.9799999,2.536,1.8199999
2.5380001,2,2.5380001,1.8399999
2.5400002,1.9799999,2.5400002,1.8
2.5420001,2,2.5420001,1.8199999
2.5440001,2,2.5440001,1.8399999
2.546,1.9799999,2.546,1.8
2.5480001,2,2.5480001,1.8
2.5500002,2,2.5500002,1.86
2.552,2,2.552,1.88
2.5540001,2,2.5540001,1.8
2.5560002,2,2.5560002,1.8199999
2.5580001,1.9799999,2.5580001,1.8399999
2.5600002,2,2.5600002,1.88
2.562,1.9799999,2.562,1.8399999
2.5640001,2,2.5640001,1.8399999
2.5660002,2,2.5660002,1.86
2.5680001,2.02,2.5680001,1.88
2.5700002,2,2.5700002,1.8399999
2.572,2.02,2.572,1.86
2.5740001,2,2.5740001,1.86
2.5760002,2.04,2.5760002,1.88
2.5780001,2.04,2.5780001,1.86
2.5800002,2.02,2.5800002,1.8399999
2.582,2.02,2.582,1.8
2.5840001,2.04,2.5840001,1.8399999
2.5860002,2.02,2.5860002,1.86
2.5880001,2.02,2.5880001,1.88
2.5900002,2.02,2.5900002,1.86
2.592,2.04,2.592,1.8399999
2.5940001,2.04,2.5940001,1.88
2.5960002,2.04,2.5960002,1.86
2.598,2.04,2.598,1.88
2.6000001,2.04,2.6000001,1.88
2.6020002,2.04,2.6020002,1.86
2.6040001,2.04,2.6040001,1.9
2.6060002,2.04,2.6060002,1.9
2.608,2.0599999,2.608,1.8399999
2.6100001,2.0599999,2.6100001,1.88
2.6120002,2.0599999,2.6120002,1.9
2.6140001,2.04,2.6140001,1.9
2.6160002,2.0599999,2.6160002,1.86
2.618,2.0599999,2.618,1.88
2.6200001,2.0799999,2.6200001,1.9
2.6220002,2.0599999,2.6220002,1.9
2.6240001,2.0599999,2.6240001,1.88
2.6260002,2.0599999,2.6260002,1.88
2.628,2.0799999,2.628,1.9
2.6300001,2.0599999,2.6300001,1.9
2.6320002,2.0599999,2.6320002,1.9
2.6340001,2.0799999,2.6340001,1.88
2.6360002,2.0799999,2.6360002,1.88
2.638,2.0599999,2.638,1.92
2.6400001,2.0599999,2.6400001,1.92
2.6420002,2.0599999,2.6420002,1.88
2.6440001,2.0799999,2.6440001,1.9399999
2.6460001,2.0999999,2.6460001,1.9599999
2.6480002,2.0599999,2.6480002,1.92
2.6500001,2.0799999,2.6500001,1.88
2.6520002,2.0799999,2.6520002,1.92
2.654,2.0999999,2.654,1.9399999
2.6560001,2.0999999,2.6560001,1.92
2.6580002,2.0799999,2.6580002,1.9
2.6600001,2.0999999,2.6600001,1.9
2.6620002,2.0999999,2.6620002,1.9399999
2.664,2.0999999,2.664,1.9599999
2.6660001,2.0999999,2.6660001,1.9599999
2.6680002,2.1199999,2.6680002,1.9
2.6700001,2.1199999,2.6700001,1.92
2.6720002,2.1199999,2.6720002,1.9599999
2.674,2.1199999,2.674,1.9599999
2.6760001,2.0999999,2.6760001,1.92
2.6780002,2.0999999,2.6780002,1.92
2.6800001,2.1199999,2.6800001,1.9599999
2.6820002,2.1199999,2.6820002,1.9599999
2.684,2.1199999,2.684,1.92
2.6860001,2.1199999,2.6860001,1.9399999
2.6880002,2.1199999,2.6880002,1.9599999
2.6900001,2.1399999,2.6900001,1.9799999
2.6920002,2.1199999,2.6920002,1.92
2.6940002,2.1399999,2.6940002,1.92
2.6960001,2.1199999,2.6960001,1.9399999
2.6980002,2.1399999,2.6980002,1.9799999
2.7,2.1399999,2.7,1.9599999
2.7020001,2.1399999,2.7020001,1.92
2.7040002,2.1399999,2.7040002,1.9399999
2.7060001,2.1399999,2.7060001,1.9799999
2.7080002,2.1399999,2.7080002,1.9799999
2.71,2.1399999,2.71,1.92
2.7120001,2.1399999,2.7120001,1.9399999
2.7140002,2.1599998,2.7140002,2
2.7160001,2.1599998,2.7160001,2
2.7180002,2.1199999,2.7180002,1.9
2.72000003,2.1399999,2.72000003,1.9399999
2.72200012,2.1599998,2.72200012,2
2.72400022,2.1599998,2.72400022,2
2.72600007,2.1399999,2.72600007,1.9599999
2.72800016,2.1599998,2.72800016,1.9399999
2.73000002,2.1599998,2.73000002,1.9599999
2.73200011,2.1599998,2.73200011,1.9799999
2.73400021,2.1599998,2.73400021,1.9799999
2.73600006,2.1800001,2.73600006,2
2.73800015,2.1800001,2.73800015,1.9599999
2.74000025,2.1599998,2.74000025,1.9599999
2.7420001,2.1800001,2.7420001,1.9799999
2.7440002,2.1599998,2.7440002,2
2.74600005,2.1800001,2.74600005,1.9599999
2.74800014,2.1800001,2.74800014,2
2.75000024,2.1800001,2.75000024,2
2.75200009,2.1800001,2.75200009,2
2.75400019,2.1800001,2.75400019,1.9799999
2.75600004,2.1800001,2.75600004,1.9799999
2.75800014,2.2,2.75800014,2
2.76000023,2.1800001,2.76000023,1.9799999
2.76200008,2.1800001,2.76200008,2
2.76400018,2.2,2.76400018,2.02
2.76600003,2.1800001,2.76600003,2
2.76800013,2.1800001,2.76800013,1.9799999
2.77000022,2.1800001,2.77000022,2
2.77200007,2.1800001,2.77200007,2.02
2.77400017,2.2,2.77400017,2.04
2.77600002,2.22,2.77600002,2.02
2.77800012,2.2,2.77800012,1.9799999
2.78000021,2.1800001,2.78000021,2
2.78200006,2.22,2.78200006,2.04
2.78400016,2.2,2.78400016,2
2.78600001,2.2,2.78600001,1.9799999
2.78800011,2.1800001,2.78800011,2
2.7900002,2.22,2.7900002,2
2.79200006,2.22,2.79200006,2.04
2.79400015,2.2,2.79400015,1.9799999
2.79600024,2.2,2.79600024,2.02
2.7980001,2.22,2.7980001,2
2.80000019,2.22,2.80000019,2.02
2.80200005,2.22,2.80200005,2.04
2.80400014,2.24,2.80400014,2.04
2.80600023,2.24,2.80600023,2
2.80800009,2.24,2.80800009,2.04
2.81000018,2.24,2.81000018,2.04
2.81200004,2.22,2.81200004,2.02
2.81400013,2.22,2.81400013,2.0599999
2.81600022,2.22,2.81600022,2.02
2.81800008,2.24,2.81800008,2.02
2.82000017,2.24,2.82000017,2.0799999
2.82200003,2.22,2.82200003,2.04
2.82400012,2.24,2.82400012,2.02
2.82600021,2.24,2.82600021,2.02
2.82800007,2.24,2.82800007,2.04
2.83000016,2.22,2.83000016,2.04
2.83200002,2.22,2.83200002,2.02
2.83400011,2.24,2.83400011,2.0599999
2.8360002,2.24,2.8360002,2.0799999
2.83800006,2.24,2.83800006,2.0599999
2.84000015,2.24,2.84000015,2.0599999
2.84200025,2.26,2.84200025,2.04
2.8440001,2.28,2.8440001,2.0999999
2.84600019,2.26,2.84600019,2.0799999
2.84800005,2.26,2.84800005,2.02
2.85000014,2.24,2.85000014,2.04
2.85200024,2.26,2.85200024,2.0799999
2.85400009,2.26,2.85400009,2.0799999
2.85600019,2.26,2.85600019,2.0799999
2.85800004,2.26,2.85800004,2.0799999
2.86000013,2.26,2.86000013,2.0799999
2.86200023,2.28,2.86200023,2.0799999
2.86400008,2.26,2.86400008,2.0799999
2.86600018,2.26,2.86600018,2.0799999
2.86800003,2.26,2.86800003,2.0999999
2.87000012,2.28,2.87000012,2.1199999
2.87200022,2.28,2.87200022,2.04
2.87400007,2.26,2.87400007,2.0799999
2.87600017,2.26,2.87600017,2.0599999
2.87800002,2.26,2.87800002,2.0999999
2.88000011,2.28,2.88000011,2.1199999
2.88200021,2.28,2.88200021,2.0799999
2.88400006,2.28,2.88400006,2.0599999
2.88600016,2.28,2.88600016,2.0999999
2.88800025,2.3,2.88800025,2.0999999
2.8900001,2.3,2.8900001,2.0999999
2.8920002,2.3,2.8920002,2.0999999
2.89400005,2.28,2.89400005,2.1399999
2.89600015,2.28,2.89600015,2.0999999
2.89800024,2.28,2.89800024,2.0799999
2.9000001,2.28,2.9000001,2.0999999
2.90200019,2.28,2.90200019,2.0999999
2.90400004,2.3,2.90400004,2.1199999
2.90600014,2.28,2.90600014,2.1199999
2.90800023,2.28,2.90800023,2.0999999
2.91000009,2.3,2.91000009,2.0999999
2.91200018,2.3,2.91200018,2.0999999
2.91400003,2.3,2.91400003,2.1399999
2.91600013,2.28,2.91600013,2.1199999
2.91800022,2.28,2.91800022,2.0999999
2.92000008,2.3199999,2.92000008,2.0799999
2.92200017,2.3199999,2.92200017,2.0999999
2.92400002,2.28,2.92400002,2.1199999
2.92600012,2.3,2.92600012,2.0999999
2.92800021,2.3,2.92800021,2.1399999
2.93000007,2.3199999,2.93000007,2.1399999
2.93200016,2.3,2.93200016,2.1599998
2.93400025,2.3,2.93400025,2.0999999
2.93600011,2.3,2.93600011,2.0999999
2.9380002,2.3199999,2.9380002,2.1199999
2.94000006,2.3399999,2.94000006,2.1399999
2.94200015,2.3,2.94200015,2.1199999
2.94400024,2.3,2.94400024,2.1399999
2.9460001,2.3199999,2.9460001,2.1399999
2.94800019,2.3399999,2.94800019,2.1199999
2.95000005,2.3,2.95000005,2.1399999
2.95200014,2.3199999,2.95200014,2.1399999
2.95400023,2.3,2.95400023,2.1399999
2.95600009,2.3199999,2.95600009,2.1599998
2.95800018,2.3199999,2.95800018,2.1399999
2.96000004,2.3199999,2.96000004,2.1599998
2.96200013,2.3199999,2.96200013,2.1199999
2.96400023,2.3199999,2.96400023,2.1399999
2.96600008,2.3199999,2.96600008,2.1800001
2.96800017,2.3199999,2.96800017,2.1599998
2.97000003,2.3199999,2.97000003,2.1599998
2.97200012,2.3399999,2.97200012,2.1599998
2.97400022,2.3399999,2.97400022,2.1599998
2.97600007,2.3199999,2.97600007,2.1199999
2.97800016,2.3399999,2.97800016,2.1399999
2.98000026,2.3199999,2.98000026,2.1800001
2.98200011,2.3399999,2.98200011,2.1800001
2.98400021,2.3399999,2.98400021,2.2
2.98600006,2.3199999,2.98600006,2.1199999
2.98800015,2.3199999,2.98800015,2.1399999
2.99000025,2.3399999,2.99000025,2.1599998
2.9920001,2.3399999,2.9920001,2.1599998
2.9940002,2.3399999,2.9940002,2.1599998
2.99600005,2.3199999,2.99600005,2.1599998
2.99800014,2.3399999,2.99800014,2.1599998
3.00000024,2.3399999,3.00000024,2.1599998
3.00200009,2.3399999,3.00200009,2.1599998
3.00400019,2.3399999,3.00400019,2.1399999
3.00600004,2.3399999,3.00600004,2.1800001
3.00800014,2.3399999,3.00800014,2.2
3.01000023,2.3399999,3.01000023,2.1199999
3.01200008,2.3399999,3.01200008,2.1399999
3.01400018,2.3399999,3.01400018,2.1399999
3.01600003,2.3399999,3.01600003,2.1599998
3.01800013,2.3599999,3.01800013,2.1800001
3.02000022,2.3399999,3.02000022,2.1599998
3.02200007,2.3399999,3.02200007,2.1800001
3.02400017,2.3599999,3.02400017,2.22
3.02600026,2.3399999,3.02600026,2.1800001
3.02800012,2.3399999,3.02800012,2.1599998
3.03000021,2.3399999,3.03000021,2.1599998
3.03200006,2.3399999,3.03200006,2.2
3.03400016,2.3399999,3.03400016,2.2
3.03600025,2.3399999,3.03600025,2.1800001
3.03800011,2.3399999,3.03800011,2.1399999
3.0400002,2.3399999,3.0400002,2.1599998
3.04200006,2.3599999,3.04200006,2.1599998
3.04400015,2.3799999,3.04400015,2.1599998
3.04600024,2.3399999,3.04600024,2.2
3.0480001,2.3599999,3.0480001,2.1800001
3.05000019,2.3599999,3.05000019,2.2
3.05200005,2.3399999,3.05200005,2.22
3.05400014,2.3599999,3.05400014,2.2
3.05600023,2.3599999,3.05600023,2.1800001
3.05800009,2.3599999,3.05800009,2.2
3.06000018,2.3599999,3.06000018,2.22
3.06200004,2.3399999,3.06200004,2.2
3.06400013,2.3599999,3.06400013,2.2
3.06600022,2.3399999,3.06600022,2.22
3.06800008,2.3599999,3.06800008,2.2
3.07000017,2.3799999,3.07000017,2.1800001
3.07200003,2.3599999,3.07200003,2.1800001
3.07400012,2.3599999,3.07400012,2.2
3.07600021,2.3599999,3.07600021,2.22
3.07800007,2.3599999,3.07800007,2.22
3.08000016,2.3599999,3.08000016,2.22
3.08200026,2.3599999,3.08200026,2.22
3.08400011,2.3599999,3.08400011,2.22
3.0860002,2.3599999,3.0860002,2.2
3.08800006,2.3599999,3.08800006,2.1800001
3.09000015,2.3399999,3.09000015,2.2
3.09200025,2.3599999,3.09200025,2.24
3.0940001,2.3799999,3.0940001,2.1800001
3.09600019,2.3799999,3.09600019,2.2
3.09800005,2.3599999,3.09800005,2.1800001
3.10000014,2.3399999,3.10000014,2.2
3.10200024,2.3599999,3.10200024,2.22
3.10400009,2.3599999,3.10400009,2.22
3.10600019,2.3599999,3.10600019,2.22
3.10800004,2.3799999,3.10800004,2.22
3.11000013,2.3599999,3.11000013,2.24
3.11200023,2.3799999,3.11200023,2.1800001
3.11400008,2.3599999,3.11400008,2.1800001
3.11600018,2.3599999,3.11600018,2.22
3.11800003,2.3599999,3.11800003,2.24
3.12000012,2.3799999,3.12000012,2.22
3.12200022,2.3599999,3.12200022,2.24
3.12400007,2.3799999,3.12400007,2.22
3.12600017,2.3599999,3.12600017,2.1599998
3.12800026,2.3799999,3.12800026,2.22
3.13000011,2.3599999,3.13000011,2.22
3.13200021,2.3599999,3.13200021,2.22
3.13400006,2.3799999,3.13400006,2.24
3.13600016,2.3599999,3.13600016,2.24
3.13800025,2.3799999,3.13800025,2.24
3.1400001,2.3599999,3.1400001,2.2
3.1420002,2.3599999,3.1420002,2.2
3.14400005,2.3399999,3.14400005,2.22
3.14600015,2.3799999,3.14600015,2.22
3.14800024,2.3599999,3.14800024,2.2
3.1500001,2.3599999,3.1500001,2.22
3.15200019,2.3599999,3.15200019,2.2
3.15400004,2.3799999,3.15400004,2.22
3.15600014,2.3999999,3.15600014,2.22
3.15800023,2.3599999,3.15800023,2.2
3.16000009,2.3599999,3.16000009,2.22
3.16200018,2.3799999,3.16200018,2.24
3.16400003,2.3799999,3.16400003,2.24
3.16600013,2.3599999,3.16600013,2.22
3.16800022,2.3399999,3.16800022,2.22
3.17000008,2.3799999,3.17000008,2.2
3.17200017,2.3799999,3.17200017,2.22
3.17400026,2.3599999,3.17400026,2.22
3.17600012,2.3799999,3.17600012,2.24
3.17800021,2.3599999,3.17800021,2.26
3.18000007,2.3799999,3.18000007,2.26
3.18200016,2.3799999,3.18200016,2.24
3.18400025,2.3599999,3.18400025,2.2
3.18600011,2.3799999,3.18600011,2.2
3.1880002,2.3999999,3.1880002,2.24
3.19000006,2.3599999,3.19000006,2.22
3.19200015,2.3599999,3.19200015,2.22
3.19400024,2.3799999,3.19400024,2.26
3.1960001,2.3799999,3.1960001,2.26
3.19800019,2.3799999,3.19800019,2.22
3.20000005,2.3599999,3.20000005,2.2
3.20200014,2.3599999,3.20200014,2.22
3.20400023,2.3399999,3.20400023,2.24
3.20600009,2.3799999,3.20600009,2.24
3.20800018,2.3799999,3.20800018,2.26
3.21000004,2.3599999,3.21000004,2.26
3.21200013,2.3399999,3.21200013,2.24
3.21400023,2.3799999,3.21400023,2.22
3.21600008,2.3599999,3.21600008,2.24
3.21800017,2.3399999,3.21800017,2.22
3.22000027,2.3399999,3.22000027,2.22
3.22200012,2.3599999,3.22200012,2.24
3.22400022,2.3399999,3.22400022,2.26
3.22600007,2.3399999,3.22600007,2.26
3.22800016,2.3399999,3.22800016,2.22
3.23000026,2.3599999,3.23000026,2.24
3.23200011,2.3599999,3.23200011,2.22
3.23400021,2.3399999,3.23400021,2.22
3.23600006,2.3599999,3.23600006,2.24
3.23800015,2.3599999,3.23800015,2.24
3.24000025,2.3599999,3.24000025,2.22
3.2420001,2.3399999,3.2420001,2.24
3.2440002,2.3399999,3.2440002,2.22
3.24600005,2.3399999,3.24600005,2.22
3.24800014,2.3599999,3.24800014,2.26
3.25000024,2.3599999,3.25000024,2.26
3.25200009,2.3399999,3.25200009,2.2
3.25400019,2.3399999,3.25400019,2.2
3.25600004,2.3399999,3.25600004,2.24
3.25800014,2.3399999,3.25800014,2.22
3.26000023,2.3599999,3.26000023,2.24
3.26200008,2.3399999,3.26200008,2.24
3.26400018,2.3399999,3.26400018,2.24
3.26600027,2.3399999,3.26600027,2.26
3.26800013,2.3399999,3.26800013,2.28
3.27000022,2.3399999,3.27000022,2.2
3.27200007,2.3399999,3.27200007,2.2
3.27400017,2.3399999,3.27400017,2.26
3.27600026,2.3599999,3.27600026,2.24
3.27800012,2.3199999,3.27800012,2.24
3.28000021,2.3199999,3.28000021,2.24
3.28200006,2.3399999,3.28200006,2.26
3.28400016,2.3399999,3.28400016,2.22
3.28600025,2.3399999,3.28600025,2.22
3.28800011,2.3199999,3.28800011,2.22
3.2900002,2.3399999,3.2900002,2.22
3.29200006,2.3399999,3.29200006,2.24
3.29400015,2.3399999,3.29400015,2.24
3.29600024,2.3399999,3.29600024,2.26
3.2980001,2.3199999,3.2980001,2.2
3.30000019,2.3399999,3.30000019,2.22
3.30200005,2.3399999,3.30200005,2.26
3.30400014,2.3,3.30400014,2.24
3.30600023,2.3199999,3.30600023,2.24
3.30800009,2.3399999,3.30800009,2.26
3.31000018,2.3399999,3.31000018,2.24
3.31200027,2.3399999,3.31200027,2.22
3.31400013,2.3199999,3.31400013,2.22
3.31600022,2.3199999,3.31600022,2.22
3.31800008,2.3399999,3.31800008,2.26
3.32000017,2.3199999,3.32000017,2.24
3.32200027,2.3199999,3.32200027,2.1800001
3.32400012,2.3199999,3.32400012,2.2
3.32600021,2.3199999,3.32600021,2.24
3.32800007,2.3199999,3.32800007,2.22
3.33000016,2.3199999,3.33000016,2.22
3.33200026,2.3199999,3.33200026,2.2
3.33400011,2.3399999,3.33400011,2.22
3.3360002,2.3199999,3.3360002,2.22
3.33800006,2.3199999,3.33800006,2.2
3.34000015,2.3,3.34000015,2.22
3.34200025,2.3199999,3.34200025,2.24
3.3440001,2.3199999,3.3440001,2.24
3.34600019,2.3199999,3.34600019,2.1800001
3.34800005,2.3199999,3.34800005,2.2
3.35000014,2.3199999,3.35000014,2.2
3.35200024,2.3399999,3.35200024,2.22
3.35400009,2.3,3.35400009,2.22
3.35600019,2.3,3.35600019,2.24
3.35800028,2.3,3.35800028,2.24
3.36000013,2.3199999,3.36000013,2.2
3.36200023,2.3199999,3.36200023,2.22
3.36400008,2.3,3.36400008,2.22
3.36600018,2.3,3.36600018,2.2
3.36800027,2.3,3.36800027,2.24
3.37000012,2.3,3.37000012,2.24
3.37200022,2.3,3.37200022,2.2
3.37400007,2.3199999,3.37400007,2.2
3.37600017,2.28,3.37600017,2.2
3.37800026,2.3,3.37800026,2.2
3.38000011,2.28,3.38000011,2.22
3.38200021,2.28,3.38200021,2.24
3.38400006,2.3,3.38400006,2.1800001
3.38600016,2.28,3.38600016,2.1800001
3.38800025,2.28,3.38800025,2.1800001
3.3900001,2.28,3.3900001,2.2
3.3920002,2.28,3.3920002,2.22
3.39400005,2.3,3.39400005,2.22
3.39600015,2.3,3.39600015,2.2
3.39800024,2.28,3.39800024,2.1800001
3.4000001,2.26,3.4000001,2.1599998
3.40200019,2.28,3.40200019,2.24
3.40400004,2.3,3.40400004,2.1800001
3.40600014,2.28,3.40600014,2.1800001
3.40800023,2.26,3.40800023,2.1599998
3.41000009,2.28,3.41000009,2.1800001
3.41200018,2.28,3.41200018,2.1800001
3.41400027,2.28,3.41400027,2.2
3.41600013,2.28,3.41600013,2.2
3.41800022,2.28,3.41800022,2.1599998
3.42000008,2.26,3.42000008,2.1800001
3.42200017,2.28,3.42200017,2.2
3.42400026,2.26,3.42400026,2.2
3.42600012,2.26,3.42600012,2.2
3.42800021,2.28,3.42800021,2.1800001
3.43000007,2.26,3.43000007,2.2
3.43200016,2.24,3.43200016,2.1399999
3.43400025,2.24,3.43400025,2.1800001
3.43600011,2.26,3.43600011,2.1800001
3.4380002,2.24,3.4380002,2.1599998
3.44000006,2.26,3.44000006,2.1399999
3.44200015,2.26,3.44200015,2.1599998
3.44400024,2.26,3.44400024,2.1599998
3.4460001,2.26,3.4460001,2.2
3.44800019,2.26,3.44800019,2.1800001
3.45000005,2.24,3.45000005,2.2
3.45200014,2.24,3.45200014,2.1800001
3.45400023,2.26,3.45400023,2.1800001
3.45600009,2.24,3.45600009,2.2
3.45800018,2.24,3.45800018,2.1599998
3.46000028,2.24,3.46000028,2.1800001
3.46200013,2.24,3.46200013,2.1599998
3.46400023,2.24,3.46400023,2.1599998
3.46600008,2.26,3.46600008,2.1800001
3.46800017,2.24,3.46800017,2.1599998
3.47000027,2.22,3.47000027,2.1599998
3.47200012,2.24,3.47200012,2.1599998
3.47400022,2.24,3.47400022,2.1599998
3.47600007,2.22,3.47600007,2.1599998
3.47800016,2.24,3.47800016,2.1599998
3.48000026,2.22,3.48000026,2.1599998
3.48200011,2.28,3.48200011,2.1599998
3.48400021,2.22,3.48400021,2.1599998
3.48600006,2.22,3.48600006,2.1199999
3.48800015,2.24,3.48800015,2.2
3.49000025,2.24,3.49000025,2.1800001
3.4920001,2.2,3.4920001,2.1599998
3.4940002,2.2,3.4940002,2.1199999
3.49600005,2.2,3.49600005,2.1399999
3.49800014,2.22,3.49800014,2.1399999
3.50000024,2.22,3.50000024,2.1599998
3.50200009,2.22,3.50200009,2.1800001
3.50400019,2.2,3.50400019,2.1399999
3.50600028,2.22,3.50600028,2.1399999
3.50800014,2.22,3.50800014,2.1599998
3.51000023,2.2,3.51000023,2.1599998
3.51200008,2.2,3.51200008,2.1599998
3.51400018,2.2,3.51400018,2.1599998
3.51600027,2.2,3.51600027,2.1399999
3.51800013,2.1800001,3.51800013,2.1399999
3.52000022,2.1800001,3.52000022,2.1199999
3.52200007,2.1800001,3.52200007,2.1199999
3.52400017,2.2,3.52400017,2.1199999
3.52600026,2.2,3.52600026,2.1199999
3.52800012,2.1800001,3.52800012,2.1199999
3.53000021,2.1800001,3.53000021,2.1199999
3.53200006,2.2,3.53200006,2.1199999
3.53400016,2.2,3.53400016,2.1199999
3.53600025,2.1800001,3.53600025,2.0999999
3.53800011,2.1800001,3.53800011,2.1199999
3.5400002,2.1800001,3.5400002,2.1599998
3.54200006,2.1800001,3.54200006,2.1399999
3.54400015,2.1800001,3.54400015,2.0999999
3.54600024,2.1800001,3.54600024,2.0999999
3.5480001,2.1800001,3.5480001,2.0999999
3.55000019,2.1599998,3.55000019,2.1399999
3.55200028,2.1599998,3.55200028,2.1199999
3.55400014,2.1399999,3.55400014,2.0999999
3.55600023,2.1599998,3.55600023,2.0999999
3.55800009,2.1800001,3.55800009,2.1399999
3.56000018,2.1599998,3.56000018,2.1399999
3.56200027,2.1399999,3.56200027,2.0799999
3.56400013,2.1399999,3.56400013,2.0999999
3.56600022,2.1599998,3.56600022,2.1199999
3.56800008,2.1800001,3.56800008,2.1399999
3.57000017,2.1399999,3.57000017,2.1199999
3.57200027,2.1599998,3.57200027,2.1199999
3.57400012,2.1599998,3.57400012,2.0999999
3.57600021,2.1399999,3.57600021,2.0999999
3.57800007,2.1399999,3.57800007,2.1199999
3.58000016,2.1599998,3.58000016,2.1199999
3.58200026,2.1399999,3.58200026,2.1399999
3.58400011,2.1399999,3.58400011,2.0999999
3.5860002,2.1399999,3.5860002,2.0999999
3.58800006,2.1199999,3.58800006,2.1199999
3.59000015,2.1199999,3.59000015,2.0999999
3.59200025,2.1399999,3.59200025,2.0999999
3.5940001,2.1199999,3.5940001,2.0999999
3.59600019,2.1199999,3.59600019,2.0999999
3.59800029,2.1199999,3.59800029,2.0799999
3.60000014,2.1399999,3.60000014,2.0999999
3.60200024,2.1199999,3.60200024,2.0799999
3.60400009,2.1199999,3.60400009,2.0799999
3.60600019,2.1199999,3.60600019,2.0999999
3.60800028,2.1199999,3.60800028,2.0999999
3.61000013,2.1199999,3.61000013,2.0799999
3.61200023,2.1199999,3.61200023,2.0799999
3.61400008,2.0999999,3.61400008,2.0799999
3.61600018,2.0999999,3.61600018,2.0999999
3.61800027,2.1199999,3.61800027,2.0799999
3.62000012,2.1199999,3.62000012,2.0799999
3.62200022,2.1199999,3.62200022,2.0599999
3.62400007,2.0999999,3.62400007,2.0999999
3.62600017,2.1199999,3.62600017,2.0599999
3.62800026,2.1199999,3.62800026,2.0799999
3.63000011,2.0999999,3.63000011,2.0799999
3.63200021,2.0999999,3.63200021,2.0999999
3.63400006,2.0999999,3.63400006,2.04
3.63600016,2.0999999,3.63600016,2.04
3.63800025,2.0799999,3.63800025,2.0799999
3.6400001,2.0999999,3.6400001,2.0599999
3.6420002,2.0799999,3.6420002,2.04
3.64400029,2.0999999,3.64400029,2.0799999
3.64600015,2.0799999,3.64600015,2.04
3.64800024,2.0799999,3.64800024,2.02
3.6500001,2.0799999,3.6500001,2
3.65200019,2.0799999,3.65200019,2.04
3.65400028,2.0799999,3.65400028,2.0799999
3.65600014,2.0599999,3.65600014,2.02
3.65800023,2.0799999,3.65800023,2.02
3.66000009,2.0799999,3.66000009,2.0599999
3.66200018,2.0799999,3.66200018,2.02
3.66400027,2.0599999,3.66400027,1.9799999
3.66600013,2.0599999,3.66600013,2.02
3.66800022,2.0599999,3.66800022,2.04
3.67000008,2.0599999,3.67000008,2.0599999
3.67200017,2.0599999,3.67200017,2.02
3.67400026,2.0599999,3.67400026,1.9799999
3.67600012,2.0599999,3.67600012,2.02
3.67800021,2.0599999,3.67800021,2.04
3.68000007,2.0799999,3.68000007,2.0599999
3.68200016,2.04,3.68200016,2
3.68400025,2.0599999,3.68400025,2.02
3.68600011,2.04,3.68600011,2.0599999
3.6880002,2.02,3.6880002,2.02
3.69000006,2.02,3.69000006,2
3.69200015,2.04,3.69200015,2
3.69400024,2.04,3.69400024,2.0599999
3.6960001,2.04,3.6960001,2.02
3.69800019,2.04,3.69800019,1.9799999
3.70000029,2.04,3.70000029,2.02
3.70200014,2.04,3.70200014,2.04
3.70400023,2.02,3.70400023,2
3.70600009,2.04,3.70600009,1.9599999
3.70800018,2,3.70800018,2
3.71000028,2.02,3.71000028,2.02
3.71200013,2.02,3.71200013,2
3.71400023,2.02,3.71400023,1.9799999
3.71600008,2.02,3.71600008,2
3.71800017,2.02,3.71800017,1.9599999
3.72000027,2.02,3.72000027,1.9799999
3.72200012,2.02,3.72200012,1.9799999
3.72400022,2,3.72400022,1.9399999
3.72600007,2,3.72600007,1.9399999
3.72800016,2.02,3.72800016,1.9799999
3.73000026,2,3.73000026,1.9599999
3.73200011,2,3.73200011,1.9399999
3.73400021,1.9799999,3.73400021,1.9599999
3.73600006,2,3.73600006,1.9599999
3.73800015,2.02,3.73800015,1.9599999
3.74000025,2.02,3.74000025,1.9599999
3.7420001,2,3.7420001,1.9599999
3.7440002,2,3.7440002,1.9599999
3.74600029,2,3.74600029,1.9399999
3.74800014,2,3.74800014,1.9799999
3.75000024,2,3.75000024,1.9599999
3.75200009,2,3.75200009,1.9799999
3.75400019,1.9799999,3.75400019,1.9399999
3.75600028,1.9799999,3.75600028,1.9399999
3.75800014,1.9799999,3.75800014,1.9599999
3.76000023,1.9799999,3.76000023,1.92
3.76200008,1.9799999,3.76200008,1.9399999
3.76400018,1.9799999,3.76400018,1.9599999
3.76600027,1.9799999,3.76600027,1.9599999
3.76800013,1.9799999,3.76800013,1.9399999
3.77000022,1.9799999,3.77000022,1.92
3.77200007,1.9799999,3.77200007,1.9599999
3.77400017,1.9799999,3.77400017,1.9599999
3.77600026,1.9599999,3.77600026,1.92
3.77800012,1.9599999,3.77800012,1.92
3.78000021,1.9599999,3.78000021,1.92
3.78200006,1.9599999,3.78200006,1.9
3.78400016,1.9599999,3.78400016,1.92
3.78600025,1.9599999,3.78600025,1.9399999
3.78800011,1.9599999,3.78800011,1.92
3.7900002,1.9599999,3.7900002,1.9399999
3.79200029,1.9599999,3.79200029,1.92
3.79400015,1.9599999,3.79400015,1.9399999
3.79600024,1.9399999,3.79600024,1.9
3.7980001,1.9599999,3.7980001,1.9399999
3.80000019,1.9599999,3.80000019,1.9
3.80200028,1.9399999,3.80200028,1.9
3.80400014,1.9399999,3.80400014,1.92
3.80600023,1.9599999,3.80600023,1.9
3.80800009,1.9599999,3.80800009,1.9
3.81000018,1.9399999,3.81000018,1.9
3.81200027,1.9399999,3.81200027,1.9
3.81400013,1.9399999,3.81400013,1.92
3.81600022,1.92,3.81600022,1.9
3.81800008,1.9399999,3.81800008,1.9
3.82000017,1.92,3.82000017,1.92
3.82200027,1.92,3.82200027,1.88
3.82400012,1.92,3.82400012,1.9
3.82600021,1.92,3.82600021,1.92
3.82800007,1.92,3.82800007,1.92
3.83000016,1.92,3.83000016,1.88
3.83200026,1.9399999,3.83200026,1.88
3.83400011,1.92,3.83400011,1.92
3.8360002,1.92,3.8360002,1.88
3.8380003,1.9,3.8380003,1.9
3.84000015,1.92,3.84000015,1.92
3.84200025,1.9399999,3.84200025,1.9
3.8440001,1.92,3.8440001,1.86
3.84600019,1.9,3.84600019,1.9
3.84800029,1.9,3.84800029,1.88
3.85000014,1.92,3.85000014,1.88
3.85200024,1.9,3.85200024,1.9
3.85400009,1.92,3.85400009,1.9
3.85600019,1.9,3.85600019,1.92
3.85800028,1.9,3.85800028,1.88
3.86000013,1.9,3.86000013,1.88
3.86200023,1.9,3.86200023,1.9
3.86400008,1.9,3.86400008,1.88
3.86600018,1.92,3.86600018,1.88
3.86800027,1.9,3.86800027,1.9
3.87000012,1.9,3.87000012,1.86
3.87200022,1.9,3.87200022,1.86
3.87400007,1.92,3.87400007,1.92
3.87600017,1.92,3.87600017,1.9
3.87800026,1.88,3.87800026,1.86
3.88000011,1.88,3.88000011,1.8399999
3.88200021,1.9,3.88200021,1.86
3.8840003,1.92,3.8840003,1.88
3.88600016,1.9,3.88600016,1.9
3.88800025,1.88,3.88800025,1.88
3.8900001,1.88,3.8900001,1.8399999
3.8920002,1.86,3.8920002,1.88
3.89400029,1.88,3.89400029,1.88
3.89600015,1.88,3.89600015,1.88
3.89800024,1.88,3.89800024,1.8399999
3.9000001,1.88,3.9000001,1.88
3.90200019,1.88,3.90200019,1.88
3.90400028,1.86,3.90400028,1.8399999
3.90600014,1.88,3.90600014,1.86
3.90800023,1.88,3.90800023,1.88
3.91000009,1.88,3.91000009,1.8399999
3.91200018,1.86,3.91200018,1.86
3.91400027,1.88,3.91400027,1.88
3.91600013,1.88,3.91600013,1.8399999
3.91800022,1.86,3.91800022,1.86
3.92000008,1.86,3.92000008,1.8
3.92200017,1.86,3.92200017,1.8399999
3.92400026,1.8399999,3.92400026,1.8399999
3.92600012,1.88,3.92600012,1.8399999
3.92800021,1.88,3.92800021,1.8399999
3.93000031,1.86,3.93000031,1.8199999
3.93200016,1.86,3.93200016,1.8199999
3.93400025,1.86,3.93400025,1.8199999
3.93600011,1.86,3.93600011,1.8399999
3.9380002,1.86,3.9380002,1.8
3.9400003,1.8399999,3.9400003,1.8199999
3.94200015,1.86,3.94200015,1.8399999
3.94400024,1.86,3.94400024,1.8199999
3.9460001,1.86,3.9460001,1.8199999
3.94800019,1.8399999,3.94800019,1.8399999
3.95000029,1.8399999,3.95000029,1.8
3.95200014,1.86,3.95200014,1.86
3.95400023,1.8399999,3.95400023,1.8199999
3.95600009,1.8399999,3.95600009,1.8
3.95800018,1.8399999,3.95800018,1.8199999
3.96000028,1.86,3.96000028,1.8399999
3.96200013,1.8399999,3.96200013,1.8199999
3.96400023,1.8199999,3.96400023,1.8
3.96600008,1.8199999,3.96600008,1.8199999
3.96800017,1.8399999,3.96800017,1.78
3.97000027,1.8399999,3.97000027,1.8199999
3.97200012,1.8199999,3.97200012,1.8199999
3.97400022,1.8399999,3.97400022,1.8
3.97600007,1.8399999,3.97600007,1.8
3.97800016,1.8399999,3.97800016,1.8199999
3.98000026,1.8399999,3.98000026,1.8
3.98200011,1.8199999,3.98200011,1.78
3.98400021,1.8399999,3.98400021,1.8199999
3.9860003,1.8399999,3.9860003,1.78
3.98800015,1.8399999,3.98800015,1.8199999
3.99000025,1.8399999,3.99000025,1.8
3.9920001,1.8199999,3.9920001,1.76
3.9940002,1.8399999,3.9940002,1.8
3.99600029,1.8399999,3.99600029,1.8399999
3.99800014,1.8399999,3.99800014,1.76
4,1.8199999,4,1.78
4.00200033,1.8199999,4.00200033,1.8199999
4.00400019,1.8399999,4.00400019,1.76
4.00600004,1.8399999,4.00600004,1.78
4.00800037,1.8199999,4.00800037,1.8
4.01000023,1.8,4.01000023,1.8199999
4.01200008,1.8199999,4.01200008,1.78
4.01400042,1.8,4.01400042,1.78
4.01600027,1.8399999,4.01600027,1.8
4.01800013,1.8199999,4.01800013,1.76
4.01999998,1.8199999,4.01999998,1.8
4.02200031,1.8,4.02200031,1.8
4.02400017,1.8199999,4.02400017,1.78
4.02600002,1.8,4.02600002,1.78
4.02800035,1.8399999,4.02800035,1.76
4.03000021,1.8399999,4.03000021,1.8
4.03200006,1.8,4.03200006,1.76
4.0340004,1.8,4.0340004,1.74
4.03600025,1.8,4.03600025,1.78
4.03800011,1.8199999,4.03800011,1.8
4.03999996,1.8199999,4.03999996,1.78
4.04200029,1.8199999,4.04200029,1.76
4.04400015,1.8,4.04400015,1.78
4.046,1.8,4.046,1.74
4.04800034,1.8199999,4.04800034,1.76
4.05000019,1.8,4.05000019,1.76
4.05200005,1.8199999,4.05200005,1.76
4.05400038,1.8,4.05400038,1.76
4.05600023,1.8,4.05600023,1.78
4.05800009,1.8,4.05800009,1.76
4.06000042,1.8,4.06000042,1.76
4.06200027,1.8,4.06200027,1.8
4.06400013,1.8199999,4.06400013,1.76
4.06599998,1.8,4.06599998,1.74
4.06800032,1.8,4.06800032,1.78
4.07000017,1.8,4.07000017,1.76
4.07200003,1.8199999,4.07200003,1.78
4.07400036,1.78,4.07400036,1.8
4.07600021,1.8,4.07600021,1.74
4.07800007,1.8,4.07800007,1.76
4.0800004,1.8199999,4.0800004,1.8199999
4.08200026,1.8,4.08200026,1.74
4.08400011,1.8,4.08400011,1.74
4.08599997,1.8,4.08599997,1.78
4.0880003,1.8,4.0880003,1.8
4.09000015,1.8,4.09000015,1.76
4.09200001,1.8199999,4.09200001,1.78
4.09400034,1.8,4.09400034,1.8
4.09600019,1.8,4.09600019,1.76
4.09800005,1.8,4.09800005,1.78
4.10000038,1.8,4.10000038,1.78
4.10200024,1.8,4.10200024,1.76
4.10400009,1.8,4.10400009,1.78
4.10600042,1.8199999,4.10600042,1.76
4.10800028,1.8,4.10800028,1.78
4.11000013,1.8,4.11000013,1.78
4.11199999,1.78,4.11199999,1.74
4.11400032,1.8199999,4.11400032,1.78
4.11600018,1.8,4.11600018,1.78
4.11800003,1.78,4.11800003,1.74
4.12000036,1.8,4.12000036,1.74
4.12200022,1.8,4.12200022,1.76
4.12400007,1.8,4.12400007,1.76
4.1260004,1.78,4.1260004,1.74
4.12800026,1.8,4.12800026,1.76
4.13000011,1.8,4.13000011,1.74
4.13199997,1.8,4.13199997,1.76
4.1340003,-1.8199999,4.1340003,-1.26
4.13600016,-1.8199999,4.13600016,-1.26
4.13800001,-1.8199999,4.13800001,-1.26
4.14000034,-1.8199999,4.14000034,-1.26
4.1420002,-1.8199999,4.1420002,-1.26
4.14400005,-1.8199999,4.14400005,-1.26
4.14600039,-1.8199999,4.14600039,-1.26
4.14800024,-1.8199999,4.14800024,-1.26
4.1500001,-1.8199999,4.1500001,-1.26
4.15200043,-1.8199999,4.15200043,-1.26
4.15400028,-1.8199999,4.15400028,-1.26
4.15600014,-1.8199999,4.15600014,-1.26
4.15799999,-1.8199999,4.15799999,-1.26
4.16000032,-1.8199999,4.16000032,-1.26
4.16200018,-1.8199999,4.16200018,-1.26
4.16400003,-1.8199999,4.16400003,-1.26
4.16600037,-1.8199999,4.16600037,-1.26
4.16800022,-1.8199999,4.16800022,-1.26
4.17000008,-1.8199999,4.17000008,-1.26
4.17200041,-1.8199999,4.17200041,-1.26
4.17400026,-1.8199999,4.17400026,-1.26
4.17600012,-1.8199999,4.17600012,-1.26
4.17799997,-1.8199999,4.17799997,-1.26
4.18000031,-1.8199999,4.18000031,-1.26
4.18200016,-1.8199999,4.18200016,-1.26
4.18400002,-1.8199999,4.18400002,-1.26
4.18600035,-1.8199999,4.18600035,-1.26
4.1880002,-1.8199999,4.1880002,-1.26
4.19000006,-1.8199999,4.19000006,-1.26
4.19200039,-1.8199999,4.19200039,-1.26
4.19400024,-1.8199999,4.19400024,-1.26
4.1960001,-1.8199999,4.1960001,-1.26
4.19800043,-1.8199999,4.19800043,-1.26
4.20000029,-1.8199999,4.20000029,-1.26
4.20200014,-1.8199999,4.20200014,-1.26
4.204,-1.8199999,4.204,-1.26
4.20600033,-1.8199999,4.20600033,-1.26
4.20800018,-1.8199999,4.20800018,-1.26
4.21000004,-1.8199999,4.21000004,-1.26
4.21200037,-1.8199999,4.21200037,-1.26
4.21400023,-1.8199999,4.21400023,-1.26
4.21600008,-1.8199999,4.21600008,-1.26
4.21800041,-1.8199999,4.21800041,-1.26
4.22000027,-1.8199999,4.22000027,-1.26
4.22200012,-1.8199999,4.22200012,-1.26
4.22399998,-1.8199999,4.22399998,-1.26
4.22600031,-1.8199999,4.22600031,-1.26
4.22800016,-1.8199999,4.22800016,-1.26
4.23000002,-1.8199999,4.23000002,-1.26
4.23200035,-1.8199999,4.23200035,-1.26
4.23400021,-1.8199999,4.23400021,-1.26
4.23600006,-1.8199999,4.23600006,-1.26
4.23800039,-1.8199999,4.23800039,-1.26
4.24000025,-1.8199999,4.24000025,-1.26
4.2420001,-1.8199999,4.2420001,-1.26
4.24400043,-1.8199999,4.24400043,-1.26
4.24600029,-1.8199999,4.24600029,-1.26
4.24800014,-1.8199999,4.24800014,-1.26
4.25,-1.8199999,4.25,-1.26
4.25200033,-1.8199999,4.25200033,-1.26
4.25400019,-1.8199999,4.25400019,-1.26
4.25600004,-1.8199999,4.25600004,-1.26
4.25800037,-1.8199999,4.25800037,-1.26
4.26000023,-1.8199999,4.26000023,-1.26
4.26200008,-1.8199999,4.26200008,-1.26
4.26400042,-1.8199999,4.26400042,-1.26
4.26600027,-1.8199999,4.26600027,-1.26
4.26800013,-1.8199999,4.26800013,-1.26
4.26999998,-1.8199999,4.26999998,-1.26
4.27200031,-1.8199999,4.27200031,-1.26
4.27400017,-1.8199999,4.27400017,-1.26
4.27600002,-1.8199999,4.27600002,-1.26
4.27800035,-1.8199999,4.27800035,-1.26
4.28000021,-1.8199999,4.28000021,-1.26
4.28200006,-1.8199999,4.28200006,-1.26
4.2840004,-1.8199999,4.2840004,-1.26
4.28600025,-1.8199999,4.28600025,-1.26
4.28800011,-1.8199999,4.28800011,-1.26
4.29000044,-1.8199999,4.29000044,-1.26
4.29200029,-1.8199999,4.29200029,-1.26
4.29400015,-1.8199999,4.29400015,-1.26
4.296,-1.8199999,4.296,-1.26
4.29800034,-1.8199999,4.29800034,-1.26
4.30000019,-1.8199999,4.30000019,-1.26
4.30200005,-1.8199999,4.30200005,-1.26
4.30400038,-1.8199999,4.30400038,-1.26
4.30600023,-1.8199999,4.30600023,-1.26
4.30800009,-1.8199999,4.30800009,-1.26
4.31000042,-1.8199999,4.31000042,-1.26
4.31200027,-1.8199999,4.31200027,-1.26
4.31400013,-1.8199999,4.31400013,-1.26
4.31599998,-1.8199999,4.31599998,-1.26
4.31800032,-1.8199999,4.31800032,-1.26
4.32000017,-1.8199999,4.32000017,-1.26
4.32200003,-1.8199999,4.32200003,-1.26
4.32400036,-1.8199999,4.32400036,-1.26
4.32600021,-1.8199999,4.32600021,-1.26
4.32800007,-1.8199999,4.32800007,-1.26
4.3300004,-1.8199999,4.3300004,-1.26
4.33200026,-1.8199999,4.33200026,-1.26
4.33400011,-1.8199999,4.33400011,-1.26
4.33600044,-1.8199999,4.33600044,-1.26
4.3380003,-1.8199999,4.3380003,-1.26
4.34000015,-1.8199999,4.34000015,-1.26
4.34200001,-1.8199999,4.34200001,-1.26
4.34400034,-1.8199999,4.34400034,-1.26
4.34600019,-1.8199999,4.34600019,-1.26
4.34800005,-1.8199999,4.34800005,-1.26
4.35000038,-1.8199999,4.35000038,-1.26
4.35200024,-1.8199999,4.35200024,-1.26
4.35400009,-1.8199999,4.35400009,-1.26
4.35600042,-1.8199999,4.35600042,-1.26
4.35800028,-1.8199999,4.35800028,-1.26
4.36000013,-1.8199999,4.36000013,-1.26
4.36199999,-1.8199999,4.36199999,-1.26
4.36400032,-1.8199999,4.36400032,-1.26
4.36600018,-1.8199999,4.36600018,-1.26
4.36800003,-1.8199999,4.36800003,-1.26
4.37000036,-1.8199999,4.37000036,-1.26
4.37200022,-1.8199999,4.37200022,-1.26
4.37400007,-1.8199999,4.37400007,-1.26
4.3760004,-1.8199999,4.3760004,-1.26
4.37800026,-1.8199999,4.37800026,-1.26
4.38000011,-1.8199999,4.38000011,-1.26
4.38200045,-1.8199999,4.38200045,-1.26
4.3840003,-1.8199999,4.3840003,-1.26
4.38600016,-1.8199999,4.38600016,-1.26
4.38800001,-1.8199999,4.38800001,-1.26
4.39000034,-1.8199999,4.39000034,-1.26
4.3920002,-1.8199999,4.3920002,-1.26
4.39400005,-1.8199999,4.39400005,-1.26
4.39600039,-1.8199999,4.39600039,-1.26
4.39800024,-1.8199999,4.39800024,-1.26
4.4000001,-1.8199999,4.4000001,-1.26
4.40200043,-1.8199999,4.40200043,-1.26
4.40400028,-1.8199999,4.40400028,-1.26
4.40600014,-1.8199999,4.40600014,-1.26
4.40799999,-1.8199999,4.40799999,-1.26
4.41000032,-1.8199999,4.41000032,-1.26
4.41200018,-1.8199999,4.41200018,-1.26
4.41400003,-1.8199999,4.41400003,-1.26
4.41600037,-1.8199999,4.41600037,-1.26
4.41800022,-1.8199999,4.41800022,-1.26
4.42000008,-1.8199999,4.42000008,-1.26
4.42200041,-1.8199999,4.42200041,-1.26
4.42400026,-1.8199999,4.42400026,-1.26
4.42600012,-1.8199999,4.42600012,-1.26
4.42799997,-1.8199999,4.42799997,-1.26
4.43000031,-1.8199999,4.43000031,-1.26
4.43200016,-1.8199999,4.43200016,-1.26
4.43400002,-1.8199999,4.43400002,-1.26
4.43600035,-1.8199999,4.43600035,-1.26
4.4380002,-1.8199999,4.4380002,-1.26
4.44000006,-1.8199999,4.44000006,-1.26
4.44200039,-1.8199999,4.44200039,-1.26
4.44400024,-1.8199999,4.44400024,-1.26
4.4460001,-1.8199999,4.4460001,-1.26
4.44800043,-1.8199999,4.44800043,-1.26
4.45000029,-1.8199999,4.45000029,-1.26
4.45200014,-1.8199999,4.45200014,-1.26
4.454,-1.8199999,4.454,-1.26
4.45600033,-1.8199999,4.45600033,-1.26
4.45800018,-1.8199999,4.45800018,-1.26
4.46000004,-1.8199999,4.46000004,-1.26
4.46200037,-1.8199999,4.46200037,-1.26
4.46400023,-1.8199999,4.46400023,-1.26
4.46600008,-1.8199999,4.46600008,-1.26
4.46800041,-1.8199999,4.46800041,-1.26
4.47000027,-1.8199999,4.47000027,-1.26
4.47200012,-1.8199999,4.47200012,-1.26
4.47399998,-1.8199999,4.47399998,-1.26
4.47600031,-1.8199999,4.47600031,-1.26
4.47800016,-1.8199999,4.47800016,-1.26
4.48000002,-1.8199999,4.48000002,-1.26
4.48200035,-1.8199999,4.48200035,-1.26
4.48400021,-1.8199999,4.48400021,-1.26
4.48600006,-1.8199999,4.48600006,-1.26
4.48800039,-1.8199999,4.48800039,-1.26
4.49000025,-1.8199999,4.49000025,-1.26
4.4920001,-1.8199999,4.4920001,-1.26
4.49400043,-1.8199999,4.49400043,-1.26
4.49600029,-1.8199999,4.49600029,-1.26
4.49800014,-1.8199999,4.49800014,-1.26
4.5,-1.8199999,4.5,-1.26
4.50200033,-1.8199999,4.50200033,-1.26
4.50400019,-1.8199999,4.50400019,-1.26
4.50600004,-1.8199999,4.50600004,-1.26
4.50800037,-1.8199999,4.50800037,-1.26
4.51000023,-1.8199999,4.51000023,-1.26
4.51200008,-1.8199999,4.51200008,-1.26
4.51400042,-1.8199999,4.51400042,-1.26
4.51600027,-1.8199999,4.51600027,-1.26
4.51800013,-1.8199999,4.51800013,-1.26
4.51999998,-1.8199999,4.51999998,-1.26
4.52200031,-1.8199999,4.52200031,-1.26
4.52400017,-1.8199999,4.52400017,-1.26
4.52600002,-1.8199999,4.52600002,-1.26
4.52800035,-1.8199999,4.52800035,-1.26
4.53000021,-1.8199999,4.53000021,-1.26
4.53200006,-1.8199999,4.53200006,-1.26
4.5340004,-1.8199999,4.5340004,-1.26
4.53600025,-1.8199999,4.53600025,-1.26
4.53800011,-1.8199999,4.53800011,-1.26
4.54000044,-1.8199999,4.54000044,-1.26
4.54200029,-1.8199999,4.54200029,-1.26
4.54400015,-1.8199999,4.54400015,-1.26
4.546,-1.8199999,4.546,-1.26
4.54800034,-1.8199999,4.54800034,-1.26
4.55000019,-1.8199999,4.55000019,-1.26
4.55200005,-1.8199999,4.55200005,-1.26
4.55400038,-1.8199999,4.55400038,-1.26
4.55600023,-1.8199999,4.55600023,-1.26
4.55800009,-1.8199999,4.55800009,-1.26
4.56000042,-1.8199999,4.56000042,-1.26
4.56200027,-1.8199999,4.56200027,-1.26
4.56400013,-1.8199999,4.56400013,-1.26
4.56599998,-1.8199999,4.56599998,-1.26
4.56800032,-1.8199999,4.56800032,-1.26
4.57000017,-1.8199999,4.57000017,-1.26
4.57200003,-1.8199999,4.57200003,-1.26
4.57400036,-1.8199999,4.57400036,-1.26
4.57600021,-1.8199999,4.57600021,-1.26
4.57800007,-1.8199999,4.57800007,-1.26
4.5800004,-1.8199999,4.5800004,-1.26
4.58200026,-1.8199999,4.58200026,-1.26
4.58400011,-1.8199999,4.58400011,-1.26
4.58600044,-1.8199999,4.58600044,-1.26
4.5880003,-1.8199999,4.5880003,-1.26
4.59000015,-1.8199999,4.59000015,-1.26
4.59200001,-1.8199999,4.59200001,-1.26
4.59400034,-1.8199999,4.59400034,-1.26
4.59600019,-1.8199999,4.59600019,-1.26
4.59800005,-1.8199999,4.59800005,-1.26
4.60000038,-1.8199999,4.60000038,-1.26
4.60200024,-1.8199999,4.60200024,-1.26
4.60400009,-1.8199999,4.60400009,-1.26
4.60600042,-1.8199999,4.60600042,-1.26
4.60800028,-1.8199999,4.60800028,-1.26
4.61000013,-1.8199999,4.61000013,-1.26
4.61199999,-1.8199999,4.61199999,-1.26
4.61400032,-1.8199999,4.61400032,-1.26
4.61600018,-1.8199999,4.61600018,-1.26
4.61800003,-1.8199999,4.61800003,-1.26
4.62000036,-1.8199999,4.62000036,-1.26
4.62200022,-1.8199999,4.62200022,-1.26
4.62400007,-1.8199999,4.62400007,-1.26
4.6260004,-1.8199999,4.6260004,-1.26
4.62800026,-1.8199999,4.62800026,-1.26
4.63000011,-1.8199999,4.63000011,-1.26
4.63200045,-1.8199999,4.63200045,-1.26
4.6340003,2.0799999,4.6340003,1.9799999
4.63600016,2.0999999,4.63600016,1.9799999
4.63800001,2.0999999,4.63800001,2
4.64000034,2.0999999,4.64000034,1.9399999
4.6420002,2.0599999,4.6420002,1.9599999
4.64400005,2.0599999,4.64400005,2
4.64600039,2.0999999,4.64600039,2
4.64800024,2.0999999,4.64800024,1.9599999
4.6500001,2.0799999,4.6500001,1.9599999
4.65200043,2.0799999,4.65200043,1.9599999
4.65400028,2.0799999,4.65400028,1.9799999
4.65600014,2.0599999,4.65600014,1.9599999
4.65799999,2.0799999,4.65799999,1.9599999
4.66000032,2.0599999,4.66000032,1.9599999
4.66200018,2.0799999,4.66200018,2
4.66400003,2.0599999,4.66400003,1.9599999
4.66600037,2.0599999,4.66600037,1.9599999
4.66800022,2.0599999,4.66800022,1.9799999
4.67000008,2.0599999,4.67000008,1.92
4.67200041,2.0599999,4.67200041,1.9599999
4.67400026,2.0599999,4.67400026,1.9599999
4.67600012,2.0599999,4.67600012,1.9399999
4.67800045,2.0599999,4.67800045,1.9399999
4.68000031,2.0599999,4.68000031,1.9
4.68200016,2.0599999,4.68200016,1.92
4.68400002,2.04,4.68400002,1.9
4.68600035,2.04,4.68600035,1.9
4.6880002,2.0599999,4.6880002,1.86
4.69000006,2.04,4.69000006,1.8199999
4.69200039,2.04,4.69200039,1.8399999
4.69400024,2.04,4.69400024,1.78
4.6960001,2.04,4.6960001,1.8199999
4.69800043,2.02,4.69800043,1.78
4.70000029,2.04,4.70000029,1.76
4.70200014,2.04,4.70200014,1.76
4.704,2.04,4.704,1.74
4.70600033,2.0599999,4.70600033,1.74
4.70800018,2.04,4.70800018,1.74
4.71000004,2,4.71000004,1.64
4.71200037,2,4.71200037,1.6799999
4.71400023,2.04,4.71400023,1.76
4.71600008,2.04,4.71600008,1.7199999
4.71800041,2.04,4.71800041,1.6999999
4.72000027,2,4.72000027,1.6999999
4.72200012,2,4.72200012,1.74
4.72400045,2.02,4.72400045,1.7199999
4.72600031,2,4.72600031,1.76
4.72800016,1.9799999,4.72800016,1.74
4.73000002,1.9799999,4.73000002,1.74
4.73200035,2,4.73200035,1.8
4.73400021,2.02,4.73400021,1.8199999
4.73600006,2,4.73600006,1.8
4.73800039,1.9599999,4.73800039,1.78
4.74000025,2,4.74000025,1.78
4.7420001,2,4.7420001,1.8
4.74400043,2,4.74400043,1.8199999
4.74600029,1.9799999,4.74600029,1.8199999
4.74800014,2,4.74800014,1.8399999
4.75,1.9799999,4.75,1.86
4.75200033,2,4.75200033,1.88
4.75400019,2,4.75400019,1.88
4.75600004,1.9599999,4.75600004,1.9
4.75800037,2,4.75800037,1.88
4.76000023,2,4.76000023,1.92
4.76200008,1.9599999,4.76200008,1.88
4.76400042,1.9799999,4.76400042,1.9
4.76600027,1.9599999,4.76600027,1.9599999
4.76800013,1.9799999,4.76800013,1.9399999
4.77000046,1.9799999,4.77000046,1.9399999
4.77200031,1.9599999,4.77200031,1.9
4.77400017,1.9599999,4.77400017,1.92
4.77600002,1.9799999,4.77600002,1.9599999
4.77800035,1.9599999,4.77800035,1.9599999
4.78000021,1.9599999,4.78000021,1.9599999
4.78200006,1.9599999,4.78200006,1.9799999
4.7840004,1.9599999,4.7840004,2
4.78600025,1.9599999,4.78600025,1.9799999
4.78800011,1.9599999,4.78800011,1.9599999
4.79000044,1.9399999,4.79000044,1.9599999
4.79200029,1.9599999,4.79200029,2.02
4.79400015,1.9599999,4.79400015,2
4.796,1.9399999,4.796,2.02
4.79800034,1.9599999,4.79800034,1.9799999
4.80000019,1.9599999,4.80000019,1.9799999
4.80200005,1.9599999,4.80200005,2
4.80400038,1.9399999,4.80400038,2
4.80600023,1.9599999,4.80600023,2
4.80800009,1.9399999,4.80800009,2.04
4.81000042,1.9599999,4.81000042,2.02
4.81200027,1.9399999,4.81200027,2.02
4.81400013,1.9399999,4.81400013,2.02
4.81600046,1.9399999,4.81600046,2.02
4.81800032,1.9599999,4.81800032,2.04
4.82000017,1.9399999,4.82000017,2.02
4.82200003,1.9399999,4.82200003,2
4.82400036,1.9399999,4.82400036,2.02
4.82600021,1.92,4.82600021,1.9799999
4.82800007,1.9399999,4.82800007,2.02
4.8300004,1.9399999,4.8300004,2.0599999
4.83200026,1.92,4.83200026,2
4.83400011,1.92,4.83400011,2.02
4.83600044,1.9399999,4.83600044,2.04
4.8380003,1.92,4.8380003,2.0599999
4.84000015,1.92,4.84000015,2.02
4.84200001,1.92,4.84200001,2.02
4.84400034,1.9,4.84400034,2.0599999
4.84600019,1.92,4.84600019,2.04
4.84800005,1.92,4.84800005,2.02
4.85000038,1.9,4.85000038,2.02
4.85200024,1.92,4.85200024,2.02
4.85400009,1.92,4.85400009,2.04
4.85600042,1.9,4.85600042,2.02
4.85800028,1.9,4.85800028,2
4.86000013,1.9,4.86000013,2.02
4.86200047,1.92,4.86200047,2.04
4.86400032,1.9,4.86400032,2
4.86600018,1.9,4.86600018,2
4.86800003,1.9,4.86800003,2.02
4.87000036,1.9,4.87000036,2.0799999
4.87200022,1.9,4.87200022,2.02
4.87400007,1.9,4.87400007,2.02
4.8760004,1.88,4.8760004,2.02
4.87800026,1.9,4.87800026,2.04
4.88000011,1.9,4.88000011,2
4.88200045,1.88,4.88200045,2
4.8840003,1.88,4.8840003,2.02
4.88600016,1.9,4.88600016,2.04
4.88800001,1.9,4.88800001,2
4.89000034,1.88,4.89000034,2
4.8920002,1.88,4.8920002,2.02
4.89400005,1.88,4.89400005,1.9599999
4.89600039,1.9,4.89600039,2
4.89800024,1.9,4.89800024,2.02
4.9000001,1.86,4.9000001,1.92
4.90200043,1.86,4.90200043,1.9599999
4.90400028,1.86,4.90400028,2
4.90600014,1.88,4.90600014,2
4.90800047,1.88,4.90800047,2.02
4.91000032,1.88,4.91000032,1.9399999
4.91200018,1.88,4.91200018,1.9599999
4.91400003,1.88,4.91400003,2
4.91600037,1.86,4.91600037,1.9399999
4.91800022,1.88,4.91800022,1.9599999
4.92000008,1.88,4.92000008,1.9799999
4.92200041,1.88,4.92200041,1.9599999
4.92400026,1.9,4.92400026,1.9599999
4.92600012,1.86,4.92600012,1.9599999
4.92800045,1.88,4.92800045,1.9599999
4.93000031,1.88,4.93000031,1.9399999
4.93200016,1.86,4.93200016,1.9599999
4.93400002,1.8399999,4.93400002,1.92
4.93600035,1.86,4.93600035,1.92
4.9380002,1.86,4.9380002,1.9399999
4.94000006,1.86,4.94000006,1.9399999
4.94200039,1.8399999,4.94200039,1.9
4.94400024,1.8399999,4.94400024,1.92
4.9460001,1.86,4.9460001,1.92
4.94800043,1.8399999,4.94800043,1.92
4.95000029,1.86,4.95000029,1.9
4.95200014,1.8399999,4.95200014,1.88
4.95400047,1.8399999,4.95400047,1.88
4.95600033,1.8399999,4.95600033,1.9
4.95800018,1.8399999,4.95800018,1.9
4.96000004,1.8399999,4.96000004,1.88
4.96200037,1.8399999,4.96200037,1.9
4.96400023,1.8399999,4.96400023,1.88
4.96600008,1.8399999,4.96600008,1.88
4.96800041,1.8399999,4.96800041,1.9
4.97000027,1.8199999,4.97000027,1.86
4.97200012,1.8399999,4.97200012,1.86
4.97400045,1.8399999,4.97400045,1.92
4.97600031,1.86,4.97600031,1.88
4.97800016,1.8199999,4.97800016,1.86
4.98000002,1.8199999,4.98000002,1.88
4.98200035,1.8399999,4.98200035,1.8399999
4.98400021,1.8399999,4.98400021,1.86
4.98600006,1.8399999,4.98600006,1.86
4.98800039,1.8399999,4.98800039,1.88
4.99000025,1.8399999,4.99000025,1.86
4.9920001,1.86,4.9920001,1.88
4.99400043,1.8399999,4.99400043,1.88
4.99600029,1.8399999,4.99600029,1.8399999
4.99800014,1.8399999,4.99800014,1.8399999
