0,-1.5599999,0,-1.5799999
1.00E-03,-1.5599999,1.00E-03,-1.5799999
2.00E-03,-1.5599999,2.00E-03,-1.5799999
3.00E-03,-1.5599999,3.00E-03,-1.5799999
4.00E-03,-1.5599999,4.00E-03,-1.5799999
5.00E-03,-1.5599999,5.00E-03,-1.5799999
6.00E-03,-1.5599999,6.00E-03,-1.5799999
7.00E-03,-1.5599999,7.00E-03,-1.5799999
8.00E-03,-1.5599999,8.00E-03,-1.5799999
9.00E-03,-1.5599999,9.00E-03,-1.5799999
1.00E-02,-1.5599999,1.00E-02,-1.5799999
1.10E-02,-1.5599999,1.10E-02,-1.5799999
1.20E-02,-1.5599999,1.20E-02,-1.5799999
1.30E-02,-1.5599999,1.30E-02,-1.5799999
1.40E-02,-1.5599999,1.40E-02,-1.5799999
1.50E-02,-1.5599999,1.50E-02,-1.5799999
1.60E-02,-1.5599999,1.60E-02,-1.5799999
1.70E-02,-1.5599999,1.70E-02,-1.5799999
1.80E-02,-1.5599999,1.80E-02,-1.5799999
1.90E-02,-1.5599999,1.90E-02,-1.5799999
2.00E-02,-1.5599999,2.00E-02,-1.5799999
2.10E-02,-1.5599999,2.10E-02,-1.5799999
2.20E-02,-1.5599999,2.20E-02,-1.5799999
2.30E-02,-1.5599999,2.30E-02,-1.5799999
2.40E-02,-1.5599999,2.40E-02,-1.5799999
2.50E-02,-1.5599999,2.50E-02,-1.5799999
2.60E-02,-1.5599999,2.60E-02,-1.5799999
2.70E-02,-1.5599999,2.70E-02,-1.5799999
2.80E-02,-1.5599999,2.80E-02,-1.5799999
2.90E-02,-1.5599999,2.90E-02,-1.5799999
3.00E-02,-1.5599999,3.00E-02,-1.5799999
3.10E-02,-1.5599999,3.10E-02,-1.5799999
3.20E-02,-1.5599999,3.20E-02,-1.5799999
3.30E-02,-1.5599999,3.30E-02,-1.5799999
3.40E-02,-1.5599999,3.40E-02,-1.5799999
3.50E-02,-1.5599999,3.50E-02,-1.5799999
3.60E-02,-1.5599999,3.60E-02,-1.5799999
3.70E-02,-1.5599999,3.70E-02,-1.5799999
3.80E-02,-1.5599999,3.80E-02,-1.5799999
3.90E-02,-1.5599999,3.90E-02,-1.5799999
4.00E-02,-1.5599999,4.00E-02,-1.5799999
4.10E-02,-1.5599999,4.10E-02,-1.5799999
4.20E-02,-1.5599999,4.20E-02,-1.5799999
4.30E-02,-1.5599999,4.30E-02,-1.5799999
4.40E-02,-1.5599999,4.40E-02,-1.5799999
4.50E-02,-1.5599999,4.50E-02,-1.5799999
4.60E-02,-1.5599999,4.60E-02,-1.5799999
4.70E-02,-1.5599999,4.70E-02,-1.5799999
4.80E-02,-1.5599999,4.80E-02,-1.5799999
4.90E-02,-1.5599999,4.90E-02,-1.5799999
5.00E-02,-1.5599999,5.00E-02,-1.5799999
5.10E-02,-1.5599999,5.10E-02,-1.5799999
5.20E-02,-1.5599999,5.20E-02,-1.5799999
5.30E-02,-1.5599999,5.30E-02,-1.5799999
5.40E-02,-1.5599999,5.40E-02,-1.5799999
5.50E-02,-1.5599999,5.50E-02,-1.5799999
5.60E-02,-1.5599999,5.60E-02,-1.5799999
5.70E-02,-1.5599999,5.70E-02,-1.5799999
5.80E-02,-1.5599999,5.80E-02,-1.5799999
5.90E-02,-1.5599999,5.90E-02,-1.5799999
6.00E-02,-1.5599999,6.00E-02,-1.5799999
6.10E-02,-1.5599999,6.10E-02,-1.5799999
6.20E-02,-1.5599999,6.20E-02,-1.5799999
6.30E-02,-1.5599999,6.30E-02,-1.5799999
6.40E-02,-1.5599999,6.40E-02,-1.5799999
6.50E-02,-1.5599999,6.50E-02,-1.5799999
6.60E-02,-1.5599999,6.60E-02,-1.5799999
6.70E-02,-1.5599999,6.70E-02,-1.5799999
6.80E-02,-1.5599999,6.80E-02,-1.5799999
6.90E-02,-1.5599999,6.90E-02,-1.5799999
7.00E-02,-1.5599999,7.00E-02,-1.5799999
7.10E-02,-1.5599999,7.10E-02,-1.5799999
7.20E-02,-1.5599999,7.20E-02,-1.5799999
7.30E-02,-1.5599999,7.30E-02,-1.5799999
7.40E-02,-1.5599999,7.40E-02,-1.5799999
7.50E-02,-1.5599999,7.50E-02,-1.5799999
7.60E-02,-1.5599999,7.60E-02,-1.5799999
7.70E-02,-1.5599999,7.70E-02,-1.5799999
7.80E-02,-1.5599999,7.80E-02,-1.5799999
7.90E-02,-1.5599999,7.90E-02,-1.5799999
8.00E-02,-1.5599999,8.00E-02,-1.5799999
8.10E-02,-1.5599999,8.10E-02,-1.5799999
8.20E-02,-1.5599999,8.20E-02,-1.5799999
8.30E-02,-1.5599999,8.30E-02,-1.5799999
8.40E-02,-1.5599999,8.40E-02,-1.5799999
8.50E-02,-1.5599999,8.50E-02,-1.5799999
8.60E-02,-1.5599999,8.60E-02,-1.5799999
8.70E-02,-1.5599999,8.70E-02,-1.5799999
8.80E-02,-1.5599999,8.80E-02,-1.5799999
8.90E-02,-1.5599999,8.90E-02,-1.5799999
9.00E-02,-1.5599999,9.00E-02,-1.5799999
9.10E-02,-1.5599999,9.10E-02,-1.5799999
9.20E-02,-1.5599999,9.20E-02,-1.5799999
9.30E-02,-1.5599999,9.30E-02,-1.5799999
9.40E-02,-1.5599999,9.40E-02,-1.5799999
9.50E-02,-1.5599999,9.50E-02,-1.5799999
9.60E-02,-1.5599999,9.60E-02,-1.5799999
9.70E-02,-1.5599999,9.70E-02,-1.5799999
9.80E-02,-1.5599999,9.80E-02,-1.5799999
9.90E-02,-1.5599999,9.90E-02,-1.5799999
1.00E-01,-1.5599999,1.00E-01,-1.5799999
1.01E-01,-1.5599999,1.01E-01,-1.5799999
1.02E-01,-1.5599999,1.02E-01,-1.5799999
1.03E-01,-1.5599999,1.03E-01,-1.5799999
1.04E-01,-1.5599999,1.04E-01,-1.5799999
1.05E-01,-1.5599999,1.05E-01,-1.5799999
1.06E-01,-1.5599999,1.06E-01,-1.5799999
1.07E-01,-1.5599999,1.07E-01,-1.5799999
1.08E-01,-1.5599999,1.08E-01,-1.5799999
1.09E-01,-1.5599999,1.09E-01,-1.5799999
1.10E-01,-1.5599999,1.10E-01,-1.5799999
1.11E-01,-1.5599999,1.11E-01,-1.5799999
1.12E-01,-1.5599999,1.12E-01,-1.5799999
1.13E-01,-1.5599999,1.13E-01,-1.5799999
1.14E-01,-1.5599999,1.14E-01,-1.5799999
1.15E-01,-1.5599999,1.15E-01,-1.5799999
1.16E-01,-1.5599999,1.16E-01,-1.5799999
1.17E-01,-1.5599999,1.17E-01,-1.5799999
1.18E-01,-1.5599999,1.18E-01,-1.5799999
1.19E-01,-1.5599999,1.19E-01,-1.5799999
1.20E-01,-1.5599999,1.20E-01,-1.5799999
1.21E-01,-1.5599999,1.21E-01,-1.5799999
1.22E-01,-1.5599999,1.22E-01,-1.5799999
1.23E-01,-1.5599999,1.23E-01,-1.5799999
1.24E-01,-1.5599999,1.24E-01,-1.5799999
1.25E-01,-1.5599999,1.25E-01,-1.5799999
1.26E-01,-1.5599999,1.26E-01,-1.5799999
1.27E-01,-1.5599999,1.27E-01,-1.5799999
1.28E-01,-1.5599999,1.28E-01,-1.5799999
1.29E-01,-1.5599999,1.29E-01,-1.5799999
1.30E-01,-1.5599999,1.30E-01,-1.5799999
1.31E-01,-1.5599999,1.31E-01,-1.5799999
1.32E-01,-1.5599999,1.32E-01,-1.5799999
1.33E-01,-1.5599999,1.33E-01,-1.5799999
1.34E-01,-1.5599999,1.34E-01,-1.5799999
1.35E-01,-1.5599999,1.35E-01,-1.5799999
1.36E-01,-1.5599999,1.36E-01,-1.5799999
1.37E-01,-1.5599999,1.37E-01,-1.5799999
1.38E-01,-1.5599999,1.38E-01,-1.5799999
1.39E-01,-1.5599999,1.39E-01,-1.5799999
1.40E-01,-1.5599999,1.40E-01,-1.5799999
1.41E-01,-1.5599999,1.41E-01,-1.5799999
1.42E-01,-1.5599999,1.42E-01,-1.5799999
1.43E-01,-1.5599999,1.43E-01,-1.5799999
1.44E-01,-1.5599999,1.44E-01,-1.5799999
1.45E-01,-1.5599999,1.45E-01,-1.5799999
1.46E-01,-1.5599999,1.46E-01,-1.5799999
1.47E-01,-1.5599999,1.47E-01,-1.5799999
1.48E-01,-1.5599999,1.48E-01,-1.5799999
1.49E-01,-1.5599999,1.49E-01,-1.5799999
1.50E-01,-1.5599999,1.50E-01,-1.5799999
1.51E-01,-1.5599999,1.51E-01,-1.5799999
1.52E-01,-1.5599999,1.52E-01,-1.5799999
1.53E-01,-1.5599999,1.53E-01,-1.5799999
1.54E-01,-1.5599999,1.54E-01,-1.5799999
1.55E-01,-1.5599999,1.55E-01,-1.5799999
1.56E-01,-1.5599999,1.56E-01,-1.5799999
1.57E-01,-1.5599999,1.57E-01,-1.5799999
1.58E-01,-1.5599999,1.58E-01,-1.5799999
1.59E-01,-1.5599999,1.59E-01,-1.5799999
1.60E-01,-1.5599999,1.60E-01,-1.5799999
1.61E-01,-1.5599999,1.61E-01,-1.5799999
1.62E-01,-1.5599999,1.62E-01,-1.5799999
1.63E-01,-1.5599999,1.63E-01,-1.5799999
1.64E-01,-1.5599999,1.64E-01,-1.5799999
1.65E-01,-1.5599999,1.65E-01,-1.5799999
1.66E-01,-1.5599999,1.66E-01,-1.5799999
1.67E-01,-1.5599999,1.67E-01,-1.5799999
1.68E-01,-1.5599999,1.68E-01,-1.5799999
1.69E-01,-1.5599999,1.69E-01,-1.5799999
1.70E-01,-1.5599999,1.70E-01,-1.5799999
1.71E-01,-1.5599999,1.71E-01,-1.5799999
1.72E-01,-1.5599999,1.72E-01,-1.5799999
1.73E-01,-1.5599999,1.73E-01,-1.5799999
1.74E-01,-1.5599999,1.74E-01,-1.5799999
1.75E-01,-1.5599999,1.75E-01,-1.5799999
1.76E-01,-1.5599999,1.76E-01,-1.5799999
1.77E-01,-1.5599999,1.77E-01,-1.5799999
1.78E-01,-1.5599999,1.78E-01,-1.5799999
1.79E-01,-1.5599999,1.79E-01,-1.5799999
1.80E-01,1.78,1.80E-01,1.78
1.81E-01,1.78,1.81E-01,1.78
1.82E-01,1.78,1.82E-01,1.8
1.83E-01,1.78,1.83E-01,1.78
1.84E-01,1.8,1.84E-01,1.78
1.85E-01,1.8,1.85E-01,1.8
1.86E-01,1.78,1.86E-01,1.78
1.87E-01,1.78,1.87E-01,1.8
1.88E-01,1.78,1.88E-01,1.8
1.89E-01,1.78,1.89E-01,1.8
1.90E-01,1.78,1.90E-01,1.78
1.91E-01,1.78,1.91E-01,1.76
1.92E-01,1.78,1.92E-01,1.78
1.93E-01,1.78,1.93E-01,1.78
1.94E-01,1.8,1.94E-01,1.78
1.95E-01,1.8,1.95E-01,1.78
1.96E-01,1.76,1.96E-01,1.6799999
1.97E-01,1.76,1.97E-01,1.76
1.98E-01,1.76,1.98E-01,1.78
1.99E-01,1.78,1.99E-01,1.78
2.00E-01,1.78,2.00E-01,1.76
2.01E-01,1.8,2.01E-01,1.76
2.02E-01,1.8,2.02E-01,1.78
2.03E-01,1.8,2.03E-01,1.78
2.04E-01,1.78,2.04E-01,1.74
2.05E-01,1.8,2.05E-01,1.78
2.06E-01,1.78,2.06E-01,1.74
2.07E-01,1.78,2.07E-01,1.74
2.08E-01,1.78,2.08E-01,1.76
2.09E-01,1.8,2.09E-01,1.76
2.10E-01,1.78,2.10E-01,1.74
2.11E-01,1.78,2.11E-01,1.76
2.12E-01,1.78,2.12E-01,1.76
2.13E-01,1.78,2.13E-01,1.7199999
2.14E-01,1.78,2.14E-01,1.78
2.15E-01,1.78,2.15E-01,1.76
2.16E-01,1.8,2.16E-01,1.74
2.17E-01,1.78,2.17E-01,1.78
2.18E-01,1.8,2.18E-01,1.74
2.19E-01,1.78,2.19E-01,1.7199999
2.20E-01,1.8,2.20E-01,1.76
2.21E-01,1.78,2.21E-01,1.74
2.22E-01,1.78,2.22E-01,1.74
2.23E-01,1.76,2.23E-01,1.6999999
2.24E-01,1.8,2.24E-01,1.76
2.25E-01,1.78,2.25E-01,1.74
2.26E-01,1.78,2.26E-01,1.6999999
2.27E-01,1.78,2.27E-01,1.74
2.28E-01,1.78,2.28E-01,1.7199999
2.29E-01,1.78,2.29E-01,1.7199999
2.30E-01,1.78,2.30E-01,1.76
2.31E-01,1.78,2.31E-01,1.7199999
2.32E-01,1.78,2.32E-01,1.7199999
2.33E-01,1.8,2.33E-01,1.74
2.34E-01,1.78,2.34E-01,1.7199999
2.35E-01,1.78,2.35E-01,1.6999999
2.36E-01,1.76,2.36E-01,1.6999999
2.37E-01,1.76,2.37E-01,1.6799999
2.38E-01,1.8199999,2.38E-01,1.76
2.39E-01,1.8,2.39E-01,1.6999999
2.40E-01,1.8,2.40E-01,1.74
2.41E-01,1.78,2.41E-01,1.74
2.42E-01,1.78,2.42E-01,1.6999999
2.43E-01,1.78,2.43E-01,1.6799999
2.44E-01,1.78,2.44E-01,1.6999999
2.45E-01,1.78,2.45E-01,1.6999999
2.46E-01,1.8,2.46E-01,1.74
2.47E-01,1.78,2.47E-01,1.74
2.48E-01,1.78,2.48E-01,1.7199999
2.49E-01,1.78,2.49E-01,1.6999999
2.50E-01,1.8,2.50E-01,1.7199999
2.51E-01,1.78,2.51E-01,1.6999999
2.52E-01,1.78,2.52E-01,1.7199999
2.53E-01,1.78,2.53E-01,1.6999999
2.54E-01,1.78,2.54E-01,1.7199999
2.55E-01,1.78,2.55E-01,1.6999999
2.56E-01,1.78,2.56E-01,1.7199999
2.57E-01,1.8,2.57E-01,1.6999999
2.58E-01,1.76,2.58E-01,1.7199999
2.59E-01,1.78,2.59E-01,1.74
2.60E-01,1.78,2.60E-01,1.6999999
2.61E-01,1.78,2.61E-01,1.7199999
2.62E-01,1.78,2.62E-01,1.6999999
2.63E-01,1.78,2.63E-01,1.74
2.64E-01,1.78,2.64E-01,1.76
2.65E-01,1.78,2.65E-01,1.7199999
2.66E-01,1.78,2.66E-01,1.6999999
2.67E-01,1.78,2.67E-01,1.6999999
2.68E-01,1.78,2.68E-01,1.7199999
2.69E-01,1.78,2.69E-01,1.6999999
2.70E-01,1.78,2.70E-01,1.6999999
2.71E-01,1.78,2.71E-01,1.7199999
2.72E-01,1.78,2.72E-01,1.6999999
2.73E-01,1.78,2.73E-01,1.6799999
2.74E-01,1.76,2.74E-01,1.7199999
2.75E-01,1.76,2.75E-01,1.6999999
2.76E-01,1.8,2.76E-01,1.6999999
2.77E-01,1.78,2.77E-01,1.74
2.78E-01,1.78,2.78E-01,1.7199999
2.79E-01,1.78,2.79E-01,1.6799999
2.80E-01,1.78,2.80E-01,1.7199999
2.81E-01,1.78,2.81E-01,1.6999999
2.82E-01,1.76,2.82E-01,1.66
2.83E-01,1.78,2.83E-01,1.7199999
2.84E-01,1.78,2.84E-01,1.7199999
2.85E-01,1.8,2.85E-01,1.6999999
2.86E-01,1.78,2.86E-01,1.7199999
2.87E-01,1.78,2.87E-01,1.6999999
2.88E-01,1.78,2.88E-01,1.6999999
2.89E-01,1.8,2.89E-01,1.7199999
2.90E-01,1.78,2.90E-01,1.6999999
2.91E-01,1.78,2.91E-01,1.6999999
2.92E-01,1.78,2.92E-01,1.7199999
2.93E-01,1.8,2.93E-01,1.7199999
2.94E-01,1.76,2.94E-01,1.6999999
2.95E-01,1.78,2.95E-01,1.7199999
2.96E-01,1.78,2.96E-01,1.6999999
2.97E-01,1.76,2.97E-01,1.6799999
2.98E-01,1.78,2.98E-01,1.74
2.99E-01,1.78,2.99E-01,1.7199999
3.00E-01,1.8199999,3.00E-01,1.6999999
3.01E-01,1.76,3.01E-01,1.7199999
3.02E-01,1.76,3.02E-01,1.6999999
3.03E-01,1.78,3.03E-01,1.6999999
3.04E-01,1.8,3.04E-01,1.7199999
3.05E-01,1.8,3.05E-01,1.6999999
3.06E-01,1.78,3.06E-01,1.6999999
3.07E-01,1.78,3.07E-01,1.7199999
3.08E-01,1.78,3.08E-01,1.7199999
3.09E-01,1.78,3.09E-01,1.6799999
3.10E-01,1.78,3.10E-01,1.7199999
3.11E-01,1.8,3.11E-01,1.6999999
3.12E-01,1.76,3.12E-01,1.6799999
3.13E-01,1.78,3.13E-01,1.7199999
3.14E-01,1.78,3.14E-01,1.74
3.15E-01,1.8,3.15E-01,1.7199999
3.16E-01,1.8199999,3.16E-01,1.6999999
3.17E-01,1.76,3.17E-01,1.6999999
3.18E-01,1.78,3.18E-01,1.6799999
3.19E-01,1.76,3.19E-01,1.66
3.20E-01,1.76,3.20E-01,1.6999999
3.21E-01,1.8,3.21E-01,1.7199999
3.22E-01,1.8,3.22E-01,1.6999999
3.23E-01,1.8,3.23E-01,1.6999999
3.24E-01,1.78,3.24E-01,1.6999999
3.25E-01,1.8,3.25E-01,1.7199999
3.26E-01,1.78,3.26E-01,1.6999999
3.27E-01,1.78,3.27E-01,1.6999999
3.28E-01,1.78,3.28E-01,1.6799999
3.29E-01,1.8,3.29E-01,1.6999999
3.30E-01,1.78,3.30E-01,1.6799999
3.31E-01,1.78,3.31E-01,1.7199999
3.32E-01,1.78,3.32E-01,1.6999999
3.33E-01,1.78,3.33E-01,1.6999999
3.34E-01,1.78,3.34E-01,1.6999999
3.35E-01,1.78,3.35E-01,1.7199999
3.36E-01,1.8,3.36E-01,1.6999999
3.37E-01,1.8,3.37E-01,1.74
3.38E-01,1.8,3.38E-01,1.7199999
3.39E-01,1.78,3.39E-01,1.7199999
3.40E-01,1.78,3.40E-01,1.74
3.41E-01,1.76,3.41E-01,1.7199999
3.42E-01,1.78,3.42E-01,1.6999999
3.43E-01,1.78,3.43E-01,1.74
3.44E-01,1.78,3.44E-01,1.7199999
3.45E-01,1.8,3.45E-01,1.6999999
3.46E-01,1.76,3.46E-01,1.7199999
3.47E-01,1.76,3.47E-01,1.7199999
3.48E-01,1.8,3.48E-01,1.6799999
3.49E-01,1.78,3.49E-01,1.74
3.50E-01,1.78,3.50E-01,1.6999999
3.51E-01,1.78,3.51E-01,1.6999999
3.52E-01,1.8,3.52E-01,1.7199999
3.53E-01,1.8,3.53E-01,1.7199999
3.54E-01,1.78,3.54E-01,1.7199999
3.55E-01,1.76,3.55E-01,1.66
3.56E-01,1.78,3.56E-01,1.6999999
3.57E-01,1.78,3.57E-01,1.6799999
3.58E-01,1.76,3.58E-01,1.7199999
3.59E-01,1.8,3.59E-01,1.7199999
3.60E-01,1.78,3.60E-01,1.6999999
3.61E-01,1.78,3.61E-01,1.6999999
3.62E-01,1.78,3.62E-01,1.7199999
3.63E-01,1.78,3.63E-01,1.6999999
3.64E-01,1.78,3.64E-01,1.74
3.65E-01,1.78,3.65E-01,1.7199999
3.66E-01,1.8,3.66E-01,1.7199999
3.67E-01,1.78,3.67E-01,1.74
3.68E-01,1.8,3.68E-01,1.74
3.69E-01,1.78,3.69E-01,1.6799999
3.70E-01,1.78,3.70E-01,1.6999999
3.71E-01,1.78,3.71E-01,1.6999999
3.72E-01,1.78,3.72E-01,1.6999999
3.73E-01,1.78,3.73E-01,1.74
3.74E-01,1.78,3.74E-01,1.7199999
3.75E-01,1.78,3.75E-01,1.7199999
3.76E-01,1.76,3.76E-01,1.7199999
3.77E-01,1.78,3.77E-01,1.6999999
3.78E-01,1.78,3.78E-01,1.6999999
3.79E-01,1.78,3.79E-01,1.7199999
3.80E-01,1.78,3.80E-01,1.7199999
3.81E-01,1.78,3.81E-01,1.6999999
3.82E-01,1.78,3.82E-01,1.74
3.83E-01,1.8,3.83E-01,1.74
3.84E-01,1.78,3.84E-01,1.6999999
3.85E-01,1.78,3.85E-01,1.7199999
3.86E-01,1.76,3.86E-01,1.6999999
3.87E-01,1.8,3.87E-01,1.6999999
3.88E-01,1.8,3.88E-01,1.74
3.89E-01,1.78,3.89E-01,1.7199999
3.90E-01,1.8,3.90E-01,1.7199999
3.91E-01,1.8,3.91E-01,1.7199999
3.92E-01,1.76,3.92E-01,1.6999999
3.93E-01,1.76,3.93E-01,1.6999999
3.94E-01,1.78,3.94E-01,1.66
3.95E-01,1.78,3.95E-01,1.6999999
3.96E-01,1.78,3.96E-01,1.7199999
3.97E-01,1.8,3.97E-01,1.6999999
3.98E-01,1.8,3.98E-01,1.74
3.99E-01,1.78,3.99E-01,1.7199999
4.00E-01,1.78,4.00E-01,1.6799999
4.01E-01,1.76,4.01E-01,1.6799999
4.02E-01,1.78,4.02E-01,1.6999999
4.03E-01,1.78,4.03E-01,1.6799999
4.04E-01,1.8,4.04E-01,1.74
4.05E-01,1.8,4.05E-01,1.7199999
4.06E-01,1.8,4.06E-01,1.6999999
4.07E-01,1.76,4.07E-01,1.7199999
4.08E-01,1.78,4.08E-01,1.6999999
4.09E-01,1.78,4.09E-01,1.6999999
4.10E-01,1.8,4.10E-01,1.7199999
4.11E-01,1.78,4.11E-01,1.7199999
4.12E-01,1.78,4.12E-01,1.7199999
4.13E-01,1.78,4.13E-01,1.7199999
4.14E-01,1.78,4.14E-01,1.6999999
4.15E-01,1.78,4.15E-01,1.74
4.16E-01,1.76,4.16E-01,1.6999999
4.17E-01,1.78,4.17E-01,1.6999999
4.18E-01,1.78,4.18E-01,1.74
4.19E-01,1.78,4.19E-01,1.7199999
4.20E-01,1.78,4.20E-01,1.74
4.21E-01,1.78,4.21E-01,1.74
4.22E-01,1.78,4.22E-01,1.7199999
4.23E-01,1.78,4.23E-01,1.7199999
4.24E-01,1.78,4.24E-01,1.74
4.25E-01,1.76,4.25E-01,1.7199999
4.26E-01,1.78,4.26E-01,1.76
4.27E-01,1.8,4.27E-01,1.74
4.28E-01,1.78,4.28E-01,1.7199999
4.29E-01,1.76,4.29E-01,1.76
4.30E-01,1.78,4.30E-01,1.74
4.31E-01,1.76,4.31E-01,1.7199999
4.32E-01,1.76,4.32E-01,1.76
4.33E-01,1.78,4.33E-01,1.74
4.34E-01,1.78,4.34E-01,1.7199999
4.35E-01,1.8,4.35E-01,1.76
4.36E-01,1.78,4.36E-01,1.74
4.37E-01,1.78,4.37E-01,1.74
4.38E-01,1.8,4.38E-01,1.74
4.39E-01,1.78,4.39E-01,1.7199999
4.40E-01,1.78,4.40E-01,1.7199999
4.41E-01,1.8,4.41E-01,1.74
4.42E-01,1.8,4.42E-01,1.74
4.43E-01,1.8,4.43E-01,1.74
4.44E-01,1.8,4.44E-01,1.6999999
4.45E-01,1.76,4.45E-01,1.74
4.46E-01,1.78,4.46E-01,1.7199999
4.47E-01,1.78,4.47E-01,1.6999999
4.48E-01,1.78,4.48E-01,1.7199999
4.49E-01,1.8,4.49E-01,1.74
4.50E-01,1.8,4.50E-01,1.6999999
4.51E-01,1.78,4.51E-01,1.74
4.52E-01,1.78,4.52E-01,1.7199999
4.53E-01,1.76,4.53E-01,1.74
4.54E-01,1.78,4.54E-01,1.74
4.55E-01,1.78,4.55E-01,1.6999999
4.56E-01,1.78,4.56E-01,1.74
4.57E-01,1.78,4.57E-01,1.74
4.58E-01,1.8,4.58E-01,1.7199999
4.59E-01,1.78,4.59E-01,1.6999999
4.60E-01,1.78,4.60E-01,1.7199999
4.61E-01,1.8,4.61E-01,1.7199999
4.62E-01,1.78,4.62E-01,1.6999999
4.63E-01,1.78,4.63E-01,1.74
4.64E-01,1.78,4.64E-01,1.7199999
4.65E-01,1.8,4.65E-01,1.7199999
4.66E-01,1.8,4.66E-01,1.74
4.67E-01,1.78,4.67E-01,1.74
4.68E-01,1.76,4.68E-01,1.6999999
4.69E-01,1.78,4.69E-01,1.74
4.70E-01,1.76,4.70E-01,1.6999999
4.71E-01,1.8,4.71E-01,1.74
4.72E-01,1.8,4.72E-01,1.74
4.73E-01,1.8,4.73E-01,1.7199999
4.74E-01,1.8,4.74E-01,1.7199999
4.75E-01,1.78,4.75E-01,1.74
4.76E-01,1.76,4.76E-01,1.7199999
4.77E-01,1.78,4.77E-01,1.6999999
4.78E-01,1.76,4.78E-01,1.66
4.79E-01,1.78,4.79E-01,1.7199999
4.80E-01,1.8,4.80E-01,1.6999999
4.81E-01,1.8,4.81E-01,1.76
4.82E-01,1.78,4.82E-01,1.7199999
4.83E-01,1.78,4.83E-01,1.6999999
4.84E-01,1.76,4.84E-01,1.7199999
4.85E-01,1.8,4.85E-01,1.6999999
4.86E-01,1.78,4.86E-01,1.6999999
4.87E-01,1.78,4.87E-01,1.74
4.88E-01,1.78,4.88E-01,1.7199999
4.89E-01,1.78,4.89E-01,1.76
4.90E-01,1.78,4.90E-01,1.74
4.91E-01,1.78,4.91E-01,1.7199999
4.92E-01,1.8,4.92E-01,1.76
4.93E-01,1.78,4.93E-01,1.7199999
4.94E-01,1.78,4.94E-01,1.7199999
4.95E-01,1.8,4.95E-01,1.74
4.96E-01,1.78,4.96E-01,1.76
4.97E-01,1.78,4.97E-01,1.78
4.98E-01,1.78,4.98E-01,1.76
4.99E-01,1.78,4.99E-01,1.7199999
5.00E-01,1.76,5.00E-01,1.76
5.01E-01,1.8,5.01E-01,1.76
5.02E-01,1.76,5.02E-01,1.74
5.03E-01,1.8,5.03E-01,1.78
5.04E-01,1.78,5.04E-01,1.74
5.05E-01,1.78,5.05E-01,1.7199999
5.06E-01,1.76,5.06E-01,1.74
5.07E-01,1.78,5.07E-01,1.74
5.08E-01,1.78,5.08E-01,1.76
5.09E-01,1.78,5.09E-01,1.76
5.10E-01,1.78,5.10E-01,1.76
5.11E-01,1.76,5.11E-01,1.76
5.12E-01,1.78,5.12E-01,1.78
5.13E-01,1.76,5.13E-01,1.76
5.14E-01,1.78,5.14E-01,1.7199999
5.15E-01,1.76,5.15E-01,1.76
5.16E-01,1.8,5.16E-01,1.78
5.17E-01,1.8,5.17E-01,1.74
5.18E-01,1.78,5.18E-01,1.78
5.19E-01,1.78,5.19E-01,1.74
5.20E-01,1.78,5.20E-01,1.7199999
5.21E-01,1.76,5.21E-01,1.76
5.22E-01,1.78,5.22E-01,1.74
5.23E-01,1.78,5.23E-01,1.7199999
5.24E-01,1.78,5.24E-01,1.76
5.25E-01,1.78,5.25E-01,1.74
5.26E-01,1.78,5.26E-01,1.7199999
5.27E-01,1.8,5.27E-01,1.76
5.28E-01,1.78,5.28E-01,1.74
5.29E-01,1.78,5.29E-01,1.7199999
5.30E-01,1.78,5.30E-01,1.76
5.31E-01,1.78,5.31E-01,1.74
5.32E-01,1.8,5.32E-01,1.74
5.33E-01,1.78,5.33E-01,1.76
5.34E-01,1.78,5.34E-01,1.74
5.35E-01,1.78,5.35E-01,1.7199999
5.36E-01,1.78,5.36E-01,1.76
5.37E-01,1.8,5.37E-01,1.7199999
5.38E-01,1.8,5.38E-01,1.74
5.39E-01,1.8,5.39E-01,1.78
5.40E-01,1.78,5.40E-01,1.76
5.41E-01,1.78,5.41E-01,1.7199999
5.42E-01,1.78,5.42E-01,1.76
5.43E-01,1.78,5.43E-01,1.74
5.44E-01,1.78,5.44E-01,1.74
5.45E-01,1.76,5.45E-01,1.74
5.46E-01,1.8,5.46E-01,1.78
5.47E-01,1.8199999,5.47E-01,1.74
5.48E-01,1.8,5.48E-01,1.7199999
5.49E-01,1.76,5.49E-01,1.74
5.50E-01,1.76,5.50E-01,1.7199999
5.51E-01,1.76,5.51E-01,1.6799999
5.52E-01,1.78,5.52E-01,1.74
5.53E-01,1.78,5.53E-01,1.7199999
5.54E-01,1.78,5.54E-01,1.74
5.55E-01,1.78,5.55E-01,1.6999999
5.56E-01,1.78,5.56E-01,1.74
5.57E-01,1.78,5.57E-01,1.6999999
5.58E-01,1.8,5.58E-01,1.74
5.59E-01,1.78,5.59E-01,1.7199999
5.60E-01,1.76,5.60E-01,1.6999999
5.61E-01,1.78,5.61E-01,1.74
5.62E-01,1.8,5.62E-01,1.6999999
5.63E-01,1.8,5.63E-01,1.7199999
5.64E-01,1.78,5.64E-01,1.74
5.65E-01,1.78,5.65E-01,1.74
5.66E-01,1.78,5.66E-01,1.74
5.67E-01,1.76,5.67E-01,1.7199999
5.68E-01,1.78,5.68E-01,1.7199999
5.69E-01,1.78,5.69E-01,1.76
5.70E-01,1.78,5.70E-01,1.76
5.71E-01,1.78,5.71E-01,1.7199999
5.72E-01,1.78,5.72E-01,1.76
5.73E-01,1.76,5.73E-01,1.6999999
5.74E-01,1.78,5.74E-01,1.7199999
5.75E-01,1.78,5.75E-01,1.74
5.76E-01,1.8,5.76E-01,1.74
5.77E-01,1.78,5.77E-01,1.6999999
5.78E-01,1.8,5.78E-01,1.78
5.79E-01,1.78,5.79E-01,1.7199999
5.80E-01,1.76,5.80E-01,1.74
5.81E-01,1.78,5.81E-01,1.76
5.82E-01,1.78,5.82E-01,1.74
5.83E-01,1.78,5.83E-01,1.74
5.84E-01,1.78,5.84E-01,1.76
5.85E-01,1.8,5.85E-01,1.76
5.86E-01,1.78,5.86E-01,1.7199999
5.87E-01,1.76,5.87E-01,1.76
5.88E-01,1.78,5.88E-01,1.76
5.89E-01,1.8,5.89E-01,1.7199999
5.90E-01,1.78,5.90E-01,1.74
5.91E-01,1.78,5.91E-01,1.7199999
5.92E-01,1.8,5.92E-01,1.74
5.93E-01,1.78,5.93E-01,1.76
5.94E-01,1.8,5.94E-01,1.7199999
5.95E-01,1.78,5.95E-01,1.6999999
5.96E-01,1.78,5.96E-01,1.74
5.97E-01,1.78,5.97E-01,1.74
5.98E-01,1.78,5.98E-01,1.7199999
5.99E-01,1.8,5.99E-01,1.76
6.00E-01,1.8,6.00E-01,1.78
6.01E-01,1.78,6.01E-01,1.74
6.02E-01,1.78,6.02E-01,1.7199999
6.03E-01,1.8,6.03E-01,1.74
6.04E-01,1.78,6.04E-01,1.7199999
6.05E-01,1.76,6.05E-01,1.76
6.06E-01,1.8,6.06E-01,1.7199999
6.07E-01,1.78,6.07E-01,1.7199999
6.08E-01,1.78,6.08E-01,1.76
6.09E-01,1.78,6.09E-01,1.7199999
6.10E-01,1.78,6.10E-01,1.7199999
6.11E-01,1.78,6.11E-01,1.74
6.12E-01,1.78,6.12E-01,1.6999999
6.13E-01,1.78,6.13E-01,1.6999999
6.14E-01,1.78,6.14E-01,1.78
6.15E-01,1.78,6.15E-01,1.74
6.16E-01,1.8,6.16E-01,1.76
6.17E-01,1.78,6.17E-01,1.74
6.18E-01,1.78,6.18E-01,1.7199999
6.19E-01,1.78,6.19E-01,1.76
6.20E-01,1.78,6.20E-01,1.76
6.21E-01,1.78,6.21E-01,1.7199999
6.22E-01,1.8,6.22E-01,1.76
6.23E-01,1.8199999,6.23E-01,1.76
6.24E-01,1.78,6.24E-01,1.7199999
6.25E-01,1.78,6.25E-01,1.6999999
6.26E-01,1.78,6.26E-01,1.74
6.27E-01,1.78,6.27E-01,1.7199999
6.28E-01,1.76,6.28E-01,1.7199999
6.29E-01,1.78,6.29E-01,1.76
6.30E-01,1.78,6.30E-01,1.76
6.31E-01,1.8199999,6.31E-01,1.7199999
6.32E-01,1.78,6.32E-01,1.6999999
6.33E-01,1.78,6.33E-01,1.7199999
6.34E-01,1.76,6.34E-01,1.6999999
6.35E-01,1.78,6.35E-01,1.74
6.36E-01,1.8,6.36E-01,1.74
6.37E-01,1.78,6.37E-01,1.74
6.38E-01,1.8,6.38E-01,1.76
6.39E-01,1.78,6.39E-01,1.74
6.40E-01,1.78,6.40E-01,1.76
6.41E-01,1.76,6.41E-01,1.74
6.42E-01,1.78,6.42E-01,1.6999999
6.43E-01,1.78,6.43E-01,1.76
6.44E-01,1.78,6.44E-01,1.74
6.45E-01,1.8,6.45E-01,1.78
6.46E-01,1.76,6.46E-01,1.76
6.47E-01,1.78,6.47E-01,1.74
6.48E-01,1.78,6.48E-01,1.78
6.49E-01,1.78,6.49E-01,1.78
6.50E-01,1.78,6.50E-01,1.74
6.51E-01,1.8,6.51E-01,1.78
6.52E-01,1.8,6.52E-01,1.78
6.53E-01,1.78,6.53E-01,1.76
6.54E-01,1.78,6.54E-01,1.76
6.55E-01,1.8,6.55E-01,1.74
6.56E-01,1.78,6.56E-01,1.74
6.57E-01,1.78,6.57E-01,1.78
6.58E-01,1.8199999,6.58E-01,1.6999999
6.59E-01,1.78,6.59E-01,1.74
6.60E-01,1.78,6.60E-01,1.78
6.61E-01,1.78,6.61E-01,1.74
6.62E-01,1.78,6.62E-01,1.76
6.63E-01,1.78,6.63E-01,1.78
6.64E-01,1.8,6.64E-01,1.74
6.65E-01,1.76,6.65E-01,1.78
6.66E-01,1.78,6.66E-01,1.78
6.67E-01,1.8,6.67E-01,1.76
6.68E-01,1.78,6.68E-01,1.76
6.69E-01,1.78,6.69E-01,1.76
6.70E-01,1.76,6.70E-01,1.74
6.71E-01,1.78,6.71E-01,1.74
6.72E-01,1.78,6.72E-01,1.76
6.73E-01,1.78,6.73E-01,1.74
6.74E-01,1.78,6.74E-01,1.74
6.75E-01,1.78,6.75E-01,1.76
6.76E-01,1.76,6.76E-01,1.76
6.77E-01,1.78,6.77E-01,1.7199999
6.78E-01,1.78,6.78E-01,1.76
6.79E-01,1.78,6.79E-01,1.76
6.80E-01,1.76,6.80E-01,1.74
6.81E-01,1.78,6.81E-01,1.78
6.82E-01,1.78,6.82E-01,1.76
6.83E-01,1.8,6.83E-01,1.74
6.84E-01,1.78,6.84E-01,1.76
6.85E-01,1.78,6.85E-01,1.74
6.86E-01,1.76,6.86E-01,1.7199999
6.87E-01,1.78,6.87E-01,1.76
6.88E-01,1.76,6.88E-01,1.76
6.89E-01,1.8,6.89E-01,1.74
6.90E-01,1.8,6.90E-01,1.78
6.91E-01,1.76,6.91E-01,1.74
6.92E-01,1.8,6.92E-01,1.7199999
6.93E-01,1.78,6.93E-01,1.76
6.94E-01,1.78,6.94E-01,1.76
6.95E-01,1.76,6.95E-01,1.7199999
6.96E-01,1.78,6.96E-01,1.76
6.97E-01,1.8,6.97E-01,1.74
6.98E-01,1.8,6.98E-01,1.74
6.99E-01,1.76,6.99E-01,1.74
7.00E-01,1.76,7.00E-01,1.74
7.01E-01,1.76,7.01E-01,1.6999999
7.02E-01,1.78,7.02E-01,1.6999999
7.03E-01,1.78,7.03E-01,1.74
7.04E-01,1.8,7.04E-01,1.74
7.05E-01,1.8199999,7.05E-01,1.76
7.06E-01,1.8,7.06E-01,1.76
7.07E-01,1.78,7.07E-01,1.7199999
7.08E-01,1.76,7.08E-01,1.7199999
7.09E-01,1.78,7.09E-01,1.74
7.10E-01,1.76,7.10E-01,1.7199999
7.11E-01,1.8,7.11E-01,1.76
7.12E-01,1.78,7.12E-01,1.76
7.13E-01,1.78,7.13E-01,1.74
7.14E-01,1.78,7.14E-01,1.76
7.15E-01,1.78,7.15E-01,1.74
7.16E-01,1.8,7.16E-01,1.7199999
7.17E-01,1.8,7.17E-01,1.76
7.18E-01,1.78,7.18E-01,1.74
7.19E-01,1.78,7.19E-01,1.74
7.20E-01,1.8,7.20E-01,1.76
7.21E-01,1.78,7.21E-01,1.74
7.22E-01,1.8,7.22E-01,1.78
7.23E-01,1.78,7.23E-01,1.76
7.24E-01,1.78,7.24E-01,1.74
7.25E-01,1.78,7.25E-01,1.74
7.26E-01,1.78,7.26E-01,1.78
7.27E-01,1.78,7.27E-01,1.74
7.28E-01,1.78,7.28E-01,1.78
7.29E-01,1.78,7.29E-01,1.76
7.30E-01,1.78,7.30E-01,1.7199999
7.31E-01,1.78,7.31E-01,1.76
7.32E-01,1.76,7.32E-01,1.76
7.33E-01,1.78,7.33E-01,1.74
7.34E-01,1.8,7.34E-01,1.78
7.35E-01,1.8199999,7.35E-01,1.74
7.36E-01,1.78,7.36E-01,1.74
7.37E-01,1.78,7.37E-01,1.7199999
7.38E-01,1.78,7.38E-01,1.76
7.39E-01,1.78,7.39E-01,1.7199999
7.40E-01,1.78,7.40E-01,1.7199999
7.41E-01,1.78,7.41E-01,1.76
7.42E-01,1.8,7.42E-01,1.74
7.43E-01,1.76,7.43E-01,1.7199999
7.44E-01,1.76,7.44E-01,1.74
7.45E-01,1.78,7.45E-01,1.74
7.46E-01,1.78,7.46E-01,1.6999999
7.47E-01,1.78,7.47E-01,1.74
7.48E-01,1.78,7.48E-01,1.74
7.49E-01,1.8,7.49E-01,1.6999999
7.50E-01,1.8,7.50E-01,1.76
7.51E-01,1.78,7.51E-01,1.74
7.52E-01,1.78,7.52E-01,1.6999999
7.53E-01,1.8,7.53E-01,1.76
7.54E-01,1.78,7.54E-01,1.7199999
7.55E-01,1.78,7.55E-01,1.6999999
7.56E-01,1.8,7.56E-01,1.7199999
7.57E-01,1.8,7.57E-01,1.76
7.58E-01,1.78,7.58E-01,1.7199999
7.59E-01,1.78,7.59E-01,1.74
7.60E-01,1.78,7.60E-01,1.7199999
7.61E-01,1.76,7.61E-01,1.7199999
7.62E-01,1.78,7.62E-01,1.74
7.63E-01,1.78,7.63E-01,1.74
7.64E-01,1.78,7.64E-01,1.74
7.65E-01,1.78,7.65E-01,1.76
7.66E-01,1.8,7.66E-01,1.74
7.67E-01,1.76,7.67E-01,1.6999999
7.68E-01,1.78,7.68E-01,1.74
7.69E-01,1.78,7.69E-01,1.74
7.70E-01,1.78,7.70E-01,1.7199999
7.71E-01,1.8,7.71E-01,1.76
7.72E-01,1.8,7.72E-01,1.74
7.73E-01,1.78,7.73E-01,1.7199999
7.74E-01,1.78,7.74E-01,1.76
7.75E-01,1.78,7.75E-01,1.7199999
7.76E-01,1.78,7.76E-01,1.6999999
7.77E-01,1.76,7.77E-01,1.74
7.78E-01,1.78,7.78E-01,1.74
7.79E-01,1.8,7.79E-01,1.74
7.80E-01,1.8199999,7.80E-01,1.7199999
7.81E-01,1.8199999,7.81E-01,1.6999999
7.82E-01,1.78,7.82E-01,1.6999999
7.83E-01,1.76,7.83E-01,1.6999999
7.84E-01,1.78,7.84E-01,1.7199999
7.85E-01,1.78,7.85E-01,1.7199999
7.86E-01,1.8,7.86E-01,1.7199999
7.87E-01,1.8,7.87E-01,1.6799999
7.88E-01,1.78,7.88E-01,1.7199999
7.89E-01,1.76,7.89E-01,1.6999999
7.90E-01,1.78,7.90E-01,1.7199999
7.91E-01,1.78,7.91E-01,1.6999999
7.92E-01,1.78,7.92E-01,1.6799999
7.93E-01,1.8,7.93E-01,1.7199999
7.94E-01,1.78,7.94E-01,1.6999999
7.95E-01,1.78,7.95E-01,1.7199999
7.96E-01,1.78,7.96E-01,1.74
7.97E-01,1.8,7.97E-01,1.7199999
7.98E-01,1.8,7.98E-01,1.6999999
7.99E-01,1.78,7.99E-01,1.7199999
8.00E-01,1.78,8.00E-01,1.6999999
8.01E-01,1.78,8.01E-01,1.76
8.02E-01,1.8,8.02E-01,1.74
8.03E-01,1.8,8.03E-01,1.7199999
8.04E-01,1.78,8.04E-01,1.76
8.05E-01,1.78,8.05E-01,1.74
8.06E-01,1.78,8.06E-01,1.74
8.07E-01,1.78,8.07E-01,1.74
8.08E-01,1.76,8.08E-01,1.74
8.09E-01,1.78,8.09E-01,1.74
8.10E-01,1.78,8.10E-01,1.74
8.11E-01,1.76,8.11E-01,1.7199999
8.12E-01,1.78,8.12E-01,1.6999999
8.13E-01,1.78,8.13E-01,1.76
8.14E-01,1.78,8.14E-01,1.7199999
8.15E-01,1.78,8.15E-01,1.7199999
8.16E-01,1.78,8.16E-01,1.7199999
8.17E-01,1.8,8.17E-01,1.74
8.18E-01,1.8,8.18E-01,1.7199999
8.19E-01,1.78,8.19E-01,1.6999999
8.20E-01,1.78,8.20E-01,1.7199999
8.21E-01,1.78,8.21E-01,1.7199999
8.22E-01,1.76,8.22E-01,1.6999999
8.23E-01,1.78,8.23E-01,1.74
8.24E-01,1.8,8.24E-01,1.6999999
8.25E-01,1.8,8.25E-01,1.6999999
8.26E-01,1.78,8.26E-01,1.74
8.27E-01,1.78,8.27E-01,1.7199999
8.28E-01,1.78,8.28E-01,1.6999999
8.29E-01,1.78,8.29E-01,1.7199999
8.30E-01,1.78,8.30E-01,1.7199999
8.31E-01,1.78,8.31E-01,1.7199999
8.32E-01,1.76,8.32E-01,1.74
8.33E-01,1.8,8.33E-01,1.7199999
8.34E-01,1.76,8.34E-01,1.6999999
8.35E-01,1.78,8.35E-01,1.7199999
8.36E-01,1.8,8.36E-01,1.6999999
8.37E-01,1.78,8.37E-01,1.6999999
8.38E-01,1.78,8.38E-01,1.74
8.39E-01,1.78,8.39E-01,1.7199999
8.40E-01,1.78,8.40E-01,1.74
8.41E-01,1.78,8.41E-01,1.74
8.42E-01,1.78,8.42E-01,1.6999999
8.43E-01,1.78,8.43E-01,1.6999999
8.44E-01,1.8,8.44E-01,1.7199999
8.45E-01,1.78,8.45E-01,1.6999999
8.46E-01,1.78,8.46E-01,1.6999999
8.47E-01,1.78,8.47E-01,1.74
8.48E-01,1.78,8.48E-01,1.7199999
8.49E-01,1.78,8.49E-01,1.6799999
8.50E-01,1.78,8.50E-01,1.74
8.51E-01,1.78,8.51E-01,1.7199999
8.52E-01,1.8,8.52E-01,1.7199999
8.53E-01,1.78,8.53E-01,1.74
8.54E-01,1.8,8.54E-01,1.7199999
8.55E-01,1.8,8.55E-01,1.6999999
8.56E-01,1.8199999,8.56E-01,1.76
8.57E-01,1.76,8.57E-01,1.6999999
8.58E-01,1.78,8.58E-01,1.6799999
8.59E-01,1.78,8.59E-01,1.6799999
8.60E-01,1.78,8.60E-01,1.6999999
8.61E-01,1.8,8.61E-01,1.7199999
8.62E-01,1.78,8.62E-01,1.7199999
8.63E-01,1.78,8.63E-01,1.76
8.64E-01,1.76,8.64E-01,1.6999999
8.65E-01,1.78,8.65E-01,1.6799999
8.66E-01,1.78,8.66E-01,1.7199999
8.67E-01,1.76,8.67E-01,1.6999999
8.68E-01,1.78,8.68E-01,1.74
8.69E-01,1.78,8.69E-01,1.74
8.70E-01,1.8,8.70E-01,1.7199999
8.71E-01,1.8,8.71E-01,1.7199999
8.72E-01,1.78,8.72E-01,1.7199999
8.73E-01,1.78,8.73E-01,1.6799999
8.74E-01,1.78,8.74E-01,1.74
8.75E-01,1.78,8.75E-01,1.7199999
8.76E-01,1.78,8.76E-01,1.6999999
8.77E-01,1.78,8.77E-01,1.7199999
8.78E-01,1.78,8.78E-01,1.7199999
8.79E-01,1.8,8.79E-01,1.76
8.80E-01,1.78,8.80E-01,1.7199999
8.81E-01,1.76,8.81E-01,1.6999999
8.82E-01,1.78,8.82E-01,1.78
8.83E-01,1.78,8.83E-01,1.74
8.84E-01,1.78,8.84E-01,1.74
8.85E-01,1.8,8.85E-01,1.76
8.86E-01,1.8,8.86E-01,1.74
8.87E-01,1.8,8.87E-01,1.74
8.88E-01,1.78,8.88E-01,1.76
8.89E-01,1.78,8.89E-01,1.7199999
8.90E-01,1.78,8.90E-01,1.76
8.91E-01,1.78,8.91E-01,1.76
8.92E-01,1.8,8.92E-01,1.74
8.93E-01,1.78,8.93E-01,1.78
8.94E-01,1.78,8.94E-01,1.74
8.95E-01,1.78,8.95E-01,1.7199999
8.96E-01,1.8,8.96E-01,1.78
8.97E-01,1.78,8.97E-01,1.74
8.98E-01,1.8,8.98E-01,1.74
8.99E-01,1.78,8.99E-01,1.76
9.00E-01,1.78,9.00E-01,1.76
9.01E-01,1.76,9.01E-01,1.7199999
9.02E-01,1.78,9.02E-01,1.76
9.03E-01,1.78,9.03E-01,1.74
9.04E-01,1.78,9.04E-01,1.7199999
9.05E-01,1.78,9.05E-01,1.76
9.06E-01,1.8,9.06E-01,1.76
9.07E-01,1.8,9.07E-01,1.74
9.08E-01,1.78,9.08E-01,1.78
9.09E-01,1.76,9.09E-01,1.7199999
9.10E-01,1.78,9.10E-01,1.7199999
9.11E-01,1.78,9.11E-01,1.76
9.12E-01,1.78,9.12E-01,1.7199999
9.13E-01,1.78,9.13E-01,1.74
9.14E-01,1.78,9.14E-01,1.78
9.15E-01,1.8,9.15E-01,1.76
9.16E-01,1.78,9.16E-01,1.7199999
9.17E-01,1.78,9.17E-01,1.74
9.18E-01,1.78,9.18E-01,1.74
9.19E-01,1.8,9.19E-01,1.7199999
9.20E-01,1.78,9.20E-01,1.74
9.21E-01,1.78,9.21E-01,1.74
9.22E-01,1.8,9.22E-01,1.74
9.23E-01,1.78,9.23E-01,1.76
9.24E-01,1.78,9.24E-01,1.74
9.25E-01,1.78,9.25E-01,1.74
9.26E-01,1.78,9.26E-01,1.76
9.27E-01,1.78,9.27E-01,1.74
9.28E-01,1.78,9.28E-01,1.76
9.29E-01,1.78,9.29E-01,1.76
9.30E-01,1.8,9.30E-01,1.76
9.31E-01,1.8,9.31E-01,1.74
9.32E-01,1.78,9.32E-01,1.76
9.33E-01,1.78,9.33E-01,1.7199999
9.34E-01,1.78,9.34E-01,1.7199999
9.35E-01,1.76,9.35E-01,1.76
9.36E-01,1.78,9.36E-01,1.76
9.37E-01,1.8,9.37E-01,1.74
9.38E-01,1.8,9.38E-01,1.76
9.39E-01,1.8,9.39E-01,1.7199999
9.40E-01,1.78,9.40E-01,1.7199999
9.41E-01,1.78,9.41E-01,1.6999999
9.42E-01,1.78,9.42E-01,1.74
9.43E-01,1.78,9.43E-01,1.7199999
9.44E-01,1.78,9.44E-01,1.76
9.45E-01,1.78,9.45E-01,1.76
9.46E-01,1.8,9.46E-01,1.74
9.47E-01,1.76,9.47E-01,1.74
9.48E-01,1.78,9.48E-01,1.7199999
9.49E-01,1.78,9.49E-01,1.76
9.50E-01,1.8,9.50E-01,1.74
9.51E-01,1.78,9.51E-01,1.76
9.52E-01,1.78,9.52E-01,1.78
9.53E-01,1.78,9.53E-01,1.76
9.54E-01,1.78,9.54E-01,1.78
9.55E-01,1.8,9.55E-01,1.78
9.56E-01,1.78,9.56E-01,1.74
9.57E-01,1.78,9.57E-01,1.78
9.58E-01,1.8,9.58E-01,1.78
9.59E-01,1.8,9.59E-01,1.76
9.60E-01,1.8,9.60E-01,1.78
9.61E-01,1.78,9.61E-01,1.78
9.62E-01,1.78,9.62E-01,1.76
9.63E-01,1.78,9.63E-01,1.78
9.64E-01,1.78,9.64E-01,1.76
9.65E-01,1.78,9.65E-01,1.74
9.66E-01,1.8,9.66E-01,1.78
9.67E-01,1.78,9.67E-01,1.76
9.68E-01,1.8,9.68E-01,1.74
9.69E-01,1.76,9.69E-01,1.78
9.70E-01,1.78,9.70E-01,1.76
9.71E-01,1.78,9.71E-01,1.74
9.72E-01,1.78,9.72E-01,1.78
9.73E-01,1.78,9.73E-01,1.76
9.74E-01,1.78,9.74E-01,1.78
9.75E-01,1.78,9.75E-01,1.78
9.76E-01,1.78,9.76E-01,1.74
9.77E-01,1.78,9.77E-01,1.74
9.78E-01,1.8,9.78E-01,1.78
9.79E-01,1.78,9.79E-01,1.76
9.80E-01,1.78,9.80E-01,1.7199999
9.81E-01,1.78,9.81E-01,1.78
9.82E-01,1.8,9.82E-01,1.78
9.83E-01,1.78,9.83E-01,1.74
9.84E-01,1.78,9.84E-01,1.76
9.85E-01,1.78,9.85E-01,1.76
9.86E-01,1.78,9.86E-01,1.74
9.87E-01,1.78,9.87E-01,1.78
9.88E-01,1.78,9.88E-01,1.76
9.89E-01,1.8,9.89E-01,1.74
9.90E-01,1.76,9.90E-01,1.76
9.91E-01,1.76,9.91E-01,1.76
9.92E-01,1.78,9.92E-01,1.76
9.93E-01,1.78,9.93E-01,1.76
9.94E-01,2.28,9.94E-01,1.78
9.95E-01,2.26,9.95E-01,1.78
9.96E-01,2.28,9.96E-01,1.8
9.97E-01,2.26,9.97E-01,1.76
9.98E-01,2.28,9.98E-01,1.8
9.99E-01,2.26,9.99E-01,1.78
1,2.26,1,1.74
1.001,2.26,1.001,1.78
1.0020001,2.24,1.0020001,1.78
1.003,2.26,1.003,1.8
1.0040001,2.28,1.0040001,1.78
1.005,2.26,1.005,1.78
1.006,2.28,1.006,1.8
1.0070001,2.26,1.0070001,1.76
1.008,2.24,1.008,1.78
1.0090001,2.26,1.0090001,1.78
1.01,2.26,1.01,1.78
1.011,2.26,1.011,1.8199999
1.0120001,2.26,1.0120001,1.8
1.013,2.26,1.013,1.78
1.0140001,2.26,1.0140001,1.8
1.0150001,2.26,1.0150001,1.78
1.016,2.26,1.016,1.8199999
1.0170001,2.26,1.0170001,1.8
1.018,2.26,1.018,1.78
1.0190001,2.28,1.0190001,1.8399999
1.0200001,2.26,1.0200001,1.8199999
1.021,2.28,1.021,1.8199999
1.0220001,2.26,1.0220001,1.8
1.023,2.26,1.023,1.8
1.024,2.24,1.024,1.8
1.0250001,2.26,1.0250001,1.8199999
1.026,2.26,1.026,1.8199999
1.0270001,2.26,1.0270001,1.8399999
1.028,2.28,1.028,1.8199999
1.029,2.24,1.029,1.8399999
1.0300001,2.26,1.0300001,1.8399999
1.031,2.26,1.031,1.8
1.0320001,2.26,1.0320001,1.8399999
1.033,2.26,1.033,1.8199999
1.034,2.26,1.034,1.86
1.0350001,2.26,1.0350001,1.8399999
1.036,2.26,1.036,1.8199999
1.0370001,2.26,1.0370001,1.86
1.0380001,2.26,1.0380001,1.8199999
1.039,2.26,1.039,1.8399999
1.0400001,2.26,1.0400001,1.8399999
1.041,2.26,1.041,1.8399999
1.0420001,2.28,1.0420001,1.86
1.0430001,2.26,1.0430001,1.8399999
1.044,2.28,1.044,1.9
1.0450001,2.26,1.0450001,1.8399999
1.046,2.26,1.046,1.8399999
1.0470001,2.26,1.0470001,1.88
1.0480001,2.26,1.0480001,1.86
1.049,2.28,1.049,1.88
1.0500001,2.28,1.0500001,1.88
1.051,2.28,1.051,1.86
1.052,2.28,1.052,1.88
1.0530001,2.26,1.0530001,1.86
1.054,2.26,1.054,1.9
1.0550001,2.26,1.0550001,1.86
1.056,2.26,1.056,1.9
1.057,2.26,1.057,1.9
1.0580001,2.26,1.0580001,1.9
1.059,2.26,1.059,1.92
1.0600001,2.26,1.0600001,1.88
1.0610001,2.26,1.0610001,1.92
1.062,2.26,1.062,1.92
1.0630001,2.26,1.0630001,1.9
1.064,2.28,1.064,1.9
1.0650001,2.26,1.0650001,1.9
1.0660001,2.26,1.0660001,1.9399999
1.067,2.26,1.067,1.92
1.0680001,2.26,1.0680001,1.92
1.069,2.26,1.069,1.92
1.0700001,2.26,1.0700001,1.9399999
1.0710001,2.26,1.0710001,1.9399999
1.072,2.28,1.072,1.9399999
1.0730001,2.26,1.0730001,1.9599999
1.074,2.3,1.074,1.9399999
1.075,2.26,1.075,1.9599999
1.0760001,2.24,1.0760001,1.9399999
1.077,2.26,1.077,1.92
1.0780001,2.26,1.0780001,1.9599999
1.079,2.26,1.079,1.92
1.08,2.26,1.08,1.9799999
1.0810001,2.26,1.0810001,1.9799999
1.082,2.24,1.082,1.92
1.0830001,2.26,1.0830001,1.9399999
1.0840001,2.26,1.0840001,1.9399999
1.085,2.26,1.085,1.9599999
1.0860001,2.26,1.0860001,1.9599999
1.087,2.26,1.087,1.9799999
1.0880001,2.26,1.0880001,1.9599999
1.0890001,2.26,1.0890001,2
1.09,2.26,1.09,1.9599999
1.0910001,2.26,1.0910001,1.9599999
1.092,2.26,1.092,1.9799999
1.0930001,2.26,1.0930001,1.9599999
1.0940001,2.26,1.0940001,2
1.095,2.26,1.095,2
1.0960001,2.26,1.0960001,2.02
1.097,2.26,1.097,1.9799999
1.098,2.26,1.098,2.02
1.0990001,2.24,1.0990001,2
1.1,2.26,1.1,2
1.1010001,2.26,1.1010001,2
1.102,2.26,1.102,2
1.103,2.26,1.103,2.02
1.1040001,2.28,1.1040001,2
1.105,2.26,1.105,2.02
1.1060001,2.26,1.1060001,2
1.107,2.28,1.107,2.02
1.108,2.26,1.108,2.02
1.1090001,2.26,1.1090001,2
1.11,2.26,1.11,2.0599999
1.1110001,2.28,1.1110001,2.02
1.1120001,2.28,1.1120001,2.0599999
1.113,2.24,1.113,2.02
1.1140001,2.26,1.1140001,2
1.115,2.26,1.115,2.04
1.1160001,2.26,1.1160001,2
1.1170001,2.28,1.1170001,2.0599999
1.118,2.24,1.118,2.04
1.1190001,2.26,1.1190001,2.0799999
1.12,2.26,1.12,2.02
1.1210001,2.26,1.1210001,2.0599999
1.1220001,2.26,1.1220001,2.0599999
1.123,2.26,1.123,2.04
1.1240001,2.26,1.1240001,2.0599999
1.125,2.26,1.125,2.04
1.126,2.26,1.126,2.0799999
1.1270001,2.26,1.1270001,2.0599999
1.128,2.26,1.128,2.0599999
1.1290001,2.26,1.1290001,2.04
1.13,2.26,1.13,2.0599999
1.131,2.26,1.131,2.0799999
1.1320001,2.28,1.1320001,2.0599999
1.133,2.26,1.133,2.0999999
1.1340001,2.26,1.1340001,2.0799999
1.1350001,2.26,1.1350001,2.0799999
1.136,2.24,1.136,2.0599999
1.1370001,2.24,1.1370001,2.0599999
1.138,2.26,1.138,2.0599999
1.1390001,2.26,1.1390001,2.0599999
1.1400001,2.26,1.1400001,2.0999999
1.141,2.28,1.141,2.0799999
1.1420001,2.26,1.1420001,2.0599999
1.143,2.26,1.143,2.0599999
1.1440001,2.26,1.1440001,2.0599999
1.1450001,2.26,1.1450001,2.0799999
1.146,2.26,1.146,2.0599999
1.1470001,2.26,1.1470001,2.0799999
1.148,2.26,1.148,2.0599999
1.149,2.26,1.149,2.1199999
1.1500001,2.26,1.1500001,2.0799999
1.151,2.26,1.151,2.0999999
1.1520001,2.26,1.1520001,2.0799999
1.153,2.26,1.153,2.1199999
1.154,2.26,1.154,2.1199999
1.1550001,2.26,1.1550001,2.0799999
1.156,2.28,1.156,2.0999999
1.1570001,2.24,1.1570001,2.0999999
1.1580001,2.26,1.1580001,2.1199999
1.159,2.26,1.159,2.0799999
1.1600001,2.24,1.1600001,2.1399999
1.161,2.26,1.161,2.0999999
1.1620001,2.26,1.1620001,2.1399999
1.1630001,2.26,1.1630001,2.1199999
1.164,2.28,1.164,2.1399999
1.1650001,2.24,1.1650001,2.1199999
1.166,2.24,1.166,2.0799999
1.1670001,2.26,1.1670001,2.1399999
1.1680001,2.26,1.1680001,2.0999999
1.169,2.26,1.169,2.1399999
1.1700001,2.26,1.1700001,2.1399999
1.171,2.28,1.171,2.1800001
1.1720001,2.28,1.1720001,2.1399999
1.1730001,2.26,1.1730001,2.0999999
1.174,2.26,1.174,2.1399999
1.1750001,2.26,1.1750001,2.1199999
1.176,2.26,1.176,2.1399999
1.177,2.26,1.177,2.1399999
1.1780001,2.28,1.1780001,2.1599998
1.179,2.28,1.179,2.1399999
1.1800001,2.26,1.1800001,2.1599998
1.1810001,2.26,1.1810001,2.1399999
1.182,2.26,1.182,2.1199999
1.1830001,2.24,1.1830001,2.1399999
1.184,2.26,1.184,2.1199999
1.1850001,2.26,1.1850001,2.1599998
1.1860001,2.28,1.1860001,2.1399999
1.187,2.26,1.187,2.1599998
1.1880001,2.26,1.1880001,2.1399999
1.189,2.26,1.189,2.1800001
1.1900001,2.26,1.1900001,2.1399999
1.1910001,2.24,1.1910001,2.1399999
1.192,2.28,1.192,2.1599998
1.1930001,2.26,1.1930001,2.1599998
1.194,2.28,1.194,2.1599998
1.1950001,2.28,1.1950001,2.1399999
1.1960001,2.26,1.1960001,2.1399999
1.197,2.26,1.197,2.1399999
1.1980001,2.26,1.1980001,2.1800001
1.199,2.26,1.199,2.1800001
1.2,2.28,1.2,2.1800001
1.2010001,2.28,1.2010001,2.1800001
1.202,2.28,1.202,2.1599998
1.2030001,2.26,1.2030001,2.1800001
1.2040001,2.26,1.2040001,2.1800001
1.205,2.26,1.205,2.1800001
1.2060001,2.26,1.2060001,2.1599998
1.207,2.26,1.207,2.2
1.2080001,2.28,1.2080001,2.1800001
1.2090001,2.28,1.2090001,2.2
1.21,2.26,1.21,2.1599998
1.2110001,2.26,1.2110001,2.22
1.212,2.26,1.212,2.1800001
1.2130001,2.26,1.2130001,2.1800001
1.2140001,2.26,1.2140001,2.2
1.215,2.26,1.215,2.1599998
1.2160001,2.26,1.2160001,2.2
1.217,2.26,1.217,2.1800001
1.2180001,2.26,1.2180001,2.2
1.2190001,2.26,1.2190001,2.1800001
1.22,2.26,1.22,2.22
1.2210001,2.26,1.2210001,2.2
1.222,2.26,1.222,2.22
1.223,2.26,1.223,2.2
1.2240001,2.26,1.2240001,2.1800001
1.225,2.26,1.225,2.2
1.2260001,2.26,1.2260001,2.1800001
1.2270001,2.24,1.2270001,2.1800001
1.228,2.24,1.228,2.2
1.2290001,2.26,1.2290001,2.22
1.23,2.26,1.23,2.2
1.2310001,2.26,1.2310001,2.22
1.2320001,2.26,1.2320001,2.22
1.233,2.26,1.233,2.2
1.2340001,2.26,1.2340001,2.22
1.235,2.26,1.235,2.2
1.2360001,2.28,1.2360001,2.2
1.2370001,2.26,1.2370001,2.2
1.238,2.28,1.238,2.24
1.2390001,2.26,1.2390001,2.2
1.24,2.26,1.24,2.24
1.2410001,2.26,1.2410001,2.2
1.2420001,2.26,1.2420001,2.24
1.243,2.28,1.243,2.22
1.2440001,2.28,1.2440001,2.22
1.245,2.26,1.245,2.24
1.2460001,2.26,1.2460001,2.2
1.2470001,2.26,1.2470001,2.24
1.248,2.26,1.248,2.22
1.2490001,2.28,1.2490001,2.24
1.25,2.26,1.25,2.2
1.251,2.26,1.251,2.22
1.2520001,2.26,1.2520001,2.24
1.253,2.26,1.253,2.2
1.2540001,2.26,1.2540001,2.24
1.2550001,2.26,1.2550001,2.22
1.256,2.26,1.256,2.22
1.2570001,2.26,1.2570001,2.22
1.258,2.26,1.258,2.24
1.2590001,2.26,1.2590001,2.22
1.2600001,2.26,1.2600001,2.22
1.261,2.26,1.261,2.24
1.2620001,2.26,1.2620001,2.22
1.263,2.26,1.263,2.22
1.2640001,2.26,1.2640001,2.2
1.2650001,2.24,1.2650001,2.24
1.266,2.26,1.266,2.2
1.2670001,2.26,1.2670001,2.26
1.268,2.26,1.268,2.24
1.2690001,2.28,1.2690001,2.26
1.2700001,2.26,1.2700001,2.24
1.271,2.26,1.271,2.22
1.2720001,2.26,1.2720001,2.24
1.273,2.26,1.273,2.2
1.274,2.26,1.274,2.26
1.2750001,2.28,1.2750001,2.22
1.276,2.28,1.276,2.26
1.2770001,2.28,1.2770001,2.22
1.2780001,2.24,1.2780001,2.26
1.279,2.26,1.279,2.22
1.2800001,2.24,1.2800001,2.22
1.281,2.26,1.281,2.24
1.2820001,2.28,1.2820001,2.22
1.2830001,2.26,1.2830001,2.26
1.284,2.28,1.284,2.24
1.2850001,2.28,1.2850001,2.26
1.286,2.24,1.286,2.22
1.2870001,2.24,1.2870001,2.26
1.2880001,2.26,1.2880001,2.24
1.289,2.26,1.289,2.22
1.2900001,2.26,1.2900001,2.26
1.291,2.28,1.291,2.24
1.2920001,2.28,1.2920001,2.26
1.2930001,2.26,1.2930001,2.24
1.294,2.26,1.294,2.26
1.2950001,2.26,1.2950001,2.22
1.296,2.26,1.296,2.26
1.2970001,2.28,1.2970001,2.24
1.2980001,2.26,1.2980001,2.26
1.299,2.26,1.299,2.24
1.3000001,2.26,1.3000001,2.22
1.3010001,2.26,1.3010001,2.26
1.302,2.26,1.302,2.22
1.3030001,2.24,1.3030001,2.26
1.304,2.26,1.304,2.24
1.3050001,2.28,1.3050001,2.26
1.3060001,2.28,1.3060001,2.26
1.307,2.26,1.307,2.22
1.3080001,2.26,1.3080001,2.26
1.309,2.26,1.309,2.22
1.3100001,2.24,1.3100001,2.24
1.3110001,2.26,1.3110001,2.24
1.312,2.28,1.312,2.22
1.3130001,2.26,1.3130001,2.24
1.314,2.26,1.314,2.3
1.3150001,2.28,1.3150001,2.26
1.3160001,2.26,1.3160001,2.2
1.317,2.26,1.317,2.26
1.3180001,2.24,1.3180001,2.22
1.319,2.24,1.319,2.26
1.3200001,2.26,1.3200001,2.24
1.3210001,2.26,1.3210001,2.28
1.322,2.28,1.322,2.26
1.3230001,2.26,1.3230001,2.28
1.3240001,2.26,1.3240001,2.26
1.325,2.26,1.325,2.2
1.3260001,2.26,1.3260001,2.26
1.327,2.26,1.327,2.22
1.3280001,2.26,1.3280001,2.26
1.3290001,2.26,1.3290001,2.26
1.33,2.26,1.33,2.26
1.3310001,2.26,1.3310001,2.24
1.332,2.26,1.332,2.26
1.3330001,2.26,1.3330001,2.26
1.3340001,2.26,1.3340001,2.26
1.335,2.28,1.335,2.26
1.3360001,2.26,1.3360001,2.24
1.337,2.26,1.337,2.28
1.3380001,2.26,1.3380001,2.22
1.3390001,2.26,1.3390001,2.26
1.34,2.28,1.34,2.24
1.3410001,2.26,1.3410001,2.24
1.342,2.26,1.342,2.26
1.3430001,2.26,1.3430001,2.24
1.3440001,2.26,1.3440001,2.28
1.345,2.26,1.345,2.24
1.3460001,2.26,1.3460001,2.28
1.3470001,2.26,1.3470001,2.24
1.348,2.26,1.348,2.22
1.3490001,2.26,1.3490001,2.26
1.35,2.26,1.35,2.24
1.3510001,2.26,1.3510001,2.26
1.3520001,2.26,1.3520001,2.24
1.353,2.26,1.353,2.26
1.3540001,2.26,1.3540001,2.24
1.355,2.24,1.355,2.24
1.3560001,2.26,1.3560001,2.24
1.3570001,2.28,1.3570001,2.22
1.358,2.26,1.358,2.24
1.3590001,2.26,1.3590001,2.24
1.36,2.26,1.36,2.26
1.3610001,2.26,1.3610001,2.22
1.3620001,2.28,1.3620001,2.26
1.363,2.26,1.363,2.24
1.3640001,2.26,1.3640001,2.22
1.365,2.26,1.365,2.26
1.3660001,2.26,1.3660001,2.26
1.3670001,2.26,1.3670001,2.24
1.368,2.26,1.368,2.22
1.3690001,2.26,1.3690001,2.22
1.3700001,2.26,1.3700001,2.22
1.3710001,2.26,1.3710001,2.2
1.3720001,2.28,1.3720001,2.26
1.373,2.26,1.373,2.22
1.3740001,2.26,1.3740001,2.26
1.3750001,2.28,1.3750001,2.26
1.376,2.24,1.376,2.22
1.3770001,2.28,1.3770001,2.22
1.378,2.26,1.378,2.2
1.3790001,2.26,1.3790001,2.24
1.3800001,2.26,1.3800001,2.22
1.381,2.26,1.381,2.26
1.3820001,2.26,1.3820001,2.22
1.383,2.26,1.383,2.26
1.3840001,2.26,1.3840001,2.24
1.3850001,2.26,1.3850001,2.22
1.386,2.26,1.386,2.24
1.3870001,2.26,1.3870001,2.24
1.388,2.26,1.388,2.26
1.3890001,2.26,1.3890001,2.24
1.3900001,2.26,1.3900001,2.26
1.391,2.26,1.391,2.24
1.3920001,2.26,1.3920001,2.26
1.393,2.26,1.393,2.2
1.3940001,2.26,1.3940001,2.22
1.3950001,2.26,1.3950001,2.24
1.396,2.26,1.396,2.24
1.3970001,2.28,1.3970001,2.26
1.3980001,2.26,1.3980001,2.22
1.399,2.26,1.399,2.26
1.4000001,2.26,1.4000001,2.22
1.401,2.26,1.401,2.26
1.4020001,2.28,1.4020001,2.24
1.4030001,2.28,1.4030001,2.2
1.404,2.26,1.404,2.26
1.4050001,2.28,1.4050001,2.24
1.406,2.28,1.406,2.26
1.4070001,2.26,1.4070001,2.24
1.4080001,2.26,1.4080001,2.22
1.409,2.28,1.409,2.24
1.4100001,2.26,1.4100001,2.22
1.411,2.26,1.411,2.26
1.4120001,2.26,1.4120001,2.24
1.4130001,2.26,1.4130001,2.26
1.414,2.26,1.414,2.24
1.4150001,2.26,1.4150001,2.26
1.416,2.26,1.416,2.24
1.4170001,2.28,1.4170001,2.2
1.4180001,2.28,1.4180001,2.26
1.419,2.26,1.419,2.24
1.4200001,2.26,1.4200001,2.26
1.4210001,2.26,1.4210001,2.22
1.4220001,2.26,1.4220001,2.26
1.4230001,2.26,1.4230001,2.22
1.424,2.26,1.424,2.24
1.4250001,2.28,1.4250001,2.24
1.4260001,2.28,1.4260001,2.24
1.427,2.28,1.427,2.26
1.4280001,2.26,1.4280001,2.22
1.429,2.26,1.429,2.26
1.4300001,2.26,1.4300001,2.22
1.4310001,2.24,1.4310001,2.22
1.432,2.26,1.432,2.26
1.4330001,2.26,1.4330001,2.22
1.434,2.28,1.434,2.24
1.4350001,2.26,1.4350001,2.24
1.4360001,2.26,1.4360001,2.24
1.437,2.26,1.437,2.22
1.4380001,2.26,1.4380001,2.2
1.439,2.26,1.439,2.22
1.4400001,2.26,1.4400001,2.2
1.4410001,2.28,1.4410001,2.24
1.442,2.28,1.442,2.22
1.4430001,2.26,1.4430001,2.24
1.4440001,2.26,1.4440001,2.22
1.4450001,2.26,1.4450001,2.24
1.4460001,2.28,1.4460001,2.22
1.447,2.26,1.447,2.2
1.4480001,2.28,1.4480001,2.24
1.4490001,2.28,1.4490001,2.22
1.45,2.28,1.45,2.24
1.4510001,2.26,1.4510001,2.22
1.452,2.26,1.452,2.24
1.4530001,2.26,1.4530001,2.22
1.4540001,2.26,1.4540001,2.2
1.455,2.26,1.455,2.24
1.4560001,2.28,1.4560001,2.2
1.457,2.26,1.457,2.22
1.4580001,2.26,1.4580001,2.2
1.4590001,2.26,1.4590001,2.26
1.46,2.26,1.46,2.22
1.4610001,2.26,1.4610001,2.2
1.462,2.26,1.462,2.24
1.4630001,2.28,1.4630001,2.22
1.4640001,2.26,1.4640001,2.26
1.465,2.26,1.465,2.24
1.4660001,2.26,1.4660001,2.24
1.4670001,2.26,1.4670001,2.22
1.4680001,2.26,1.4680001,2.2
1.4690001,2.26,1.4690001,2.24
1.47,2.26,1.47,2.2
1.4710001,2.26,1.4710001,2.26
1.4720001,2.26,1.4720001,2.22
1.473,2.26,1.473,2.22
1.4740001,2.26,1.4740001,2.22
1.475,2.26,1.475,2.24
1.4760001,2.26,1.4760001,2.22
1.4770001,2.28,1.4770001,2.22
1.478,2.26,1.478,2.22
1.4790001,2.26,1.4790001,2.22
1.48,2.26,1.48,2.26
1.4810001,2.26,1.4810001,2.22
1.4820001,2.24,1.4820001,2.26
1.483,2.26,1.483,2.22
1.4840001,2.26,1.4840001,2.2
1.485,2.28,1.485,2.24
1.4860001,2.28,1.4860001,2.22
1.4870001,2.26,1.4870001,2.22
1.488,2.26,1.488,2.22
1.4890001,2.26,1.4890001,2.22
1.4900001,2.26,1.4900001,2.22
1.4910001,2.28,1.4910001,2.2
1.4920001,2.26,1.4920001,2.2
1.493,2.26,1.493,2.22
1.4940001,2.26,1.4940001,2.26
1.4950001,2.26,1.4950001,2.24
1.4960001,2.26,1.4960001,2.2
1.4970001,2.26,1.4970001,2.22
1.498,2.26,1.498,2.2
1.4990001,2.26,1.4990001,2.24
1.5000001,2.26,1.5000001,2.24
1.501,2.26,1.501,2.22
1.5020001,2.26,1.5020001,2.24
1.503,2.26,1.503,2.22
1.5040001,2.28,1.5040001,2.22
1.5050001,2.26,1.5050001,2.2
1.506,2.26,1.506,2.22
1.5070001,2.26,1.5070001,2.2
1.508,2.26,1.508,2.24
1.5090001,2.26,1.5090001,2.22
1.5100001,2.26,1.5100001,2.2
1.511,2.26,1.511,2.22
1.5120001,2.26,1.5120001,2.2
1.5130001,2.26,1.5130001,2.24
1.5140001,2.26,1.5140001,2.22
1.5150001,2.28,1.5150001,2.26
1.516,2.26,1.516,2.22
1.5170001,2.26,1.5170001,2.2
1.5180001,2.26,1.5180001,2.22
1.5190001,2.26,1.5190001,2.1800001
1.5200001,2.26,1.5200001,2.2
1.521,2.26,1.521,2.2
1.5220001,2.26,1.5220001,2.26
1.5230001,2.26,1.5230001,2.22
1.524,2.28,1.524,2.2
1.5250001,2.28,1.5250001,2.24
1.526,2.26,1.526,2.1800001
1.5270001,2.26,1.5270001,2.22
1.5280001,2.26,1.5280001,2.2
1.529,2.26,1.529,2.1800001
1.5300001,2.26,1.5300001,2.2
1.531,2.28,1.531,2.1800001
1.5320001,2.28,1.5320001,2.22
1.5330001,2.28,1.5330001,2.1800001
1.534,2.26,1.534,2.22
1.5350001,2.26,1.5350001,2.1800001
1.536,2.24,1.536,2.22
1.5370001,2.26,1.5370001,2.22
1.5380001,2.26,1.5380001,2.1800001
1.539,2.26,1.539,2.2
1.5400001,2.28,1.5400001,2.2
1.5410001,2.26,1.5410001,2.22
1.5420001,2.26,1.5420001,2.2
1.5430001,2.26,1.5430001,2.22
1.544,2.26,1.544,2.22
1.5450001,2.26,1.5450001,2.2
1.5460001,2.26,1.5460001,2.24
1.5470001,2.28,1.5470001,2.2
1.5480001,2.26,1.5480001,2.2
1.549,2.26,1.549,2.2
1.5500001,2.26,1.5500001,2.1800001
1.5510001,2.26,1.5510001,2.22
1.552,2.26,1.552,2.2
1.5530001,2.26,1.5530001,2.1800001
1.554,2.26,1.554,2.2
1.5550001,2.26,1.5550001,2.24
1.5560001,2.26,1.5560001,2.1800001
1.557,2.26,1.557,2.1800001
1.5580001,2.26,1.5580001,2.2
1.559,2.26,1.559,2.1800001
1.5600001,2.26,1.5600001,2.22
1.5610001,2.26,1.5610001,2.22
1.562,2.24,1.562,2.2
1.5630001,2.26,1.5630001,2.2
1.5640001,2.26,1.5640001,2.22
1.5650001,2.26,1.5650001,2.22
1.5660001,2.26,1.5660001,2.1800001
1.567,2.24,1.567,2.22
1.5680001,2.26,1.5680001,2.2
1.5690001,2.26,1.5690001,2.24
1.5700001,2.28,1.5700001,2.2
1.5710001,2.24,1.5710001,2.2
1.572,2.26,1.572,2.2
1.5730001,2.26,1.5730001,2.1800001
1.5740001,2.26,1.5740001,2.22
1.575,2.26,1.575,2.22
1.5760001,2.26,1.5760001,2.24
1.577,2.28,1.577,2.22
1.5780001,2.26,1.5780001,2.22
1.5790001,2.26,1.5790001,2.22
1.58,2.26,1.58,2.24
1.5810001,2.26,1.5810001,2.2
1.582,2.26,1.582,2.2
1.5830001,2.26,1.5830001,2.22
1.5840001,2.26,1.5840001,2.2
1.585,2.26,1.585,2.22
1.5860001,2.26,1.5860001,2.2
1.5870001,2.24,1.5870001,2.2
1.5880001,2.26,1.5880001,2.22
1.5890001,2.26,1.5890001,2.1800001
1.59,2.28,1.59,2.26
1.5910001,2.28,1.5910001,2.2
1.5920001,2.26,1.5920001,2.2
1.5930001,2.26,1.5930001,2.2
1.5940001,2.26,1.5940001,2.1800001
1.595,2.26,1.595,2.22
1.5960001,2.26,1.5960001,2.2
1.5970001,2.26,1.5970001,2.26
1.598,2.26,1.598,2.22
1.5990001,2.26,1.5990001,2.1800001
1.6,2.28,1.6,2.22
1.6010001,2.26,1.6010001,2.2
1.6020001,2.26,1.6020001,2.2
1.603,2.26,1.603,2.1800001
1.6040001,2.26,1.6040001,2.2
1.605,2.26,1.605,2.2
1.6060001,2.28,1.6060001,2.2
1.6070001,2.28,1.6070001,2.2
1.608,2.28,1.608,2.2
1.6090001,2.26,1.6090001,2.22
1.6100001,2.26,1.6100001,2.2
1.6110001,2.26,1.6110001,2.2
1.6120001,2.26,1.6120001,2.1800001
1.613,2.26,1.613,2.1800001
1.6140001,2.26,1.6140001,2.2
1.6150001,2.26,1.6150001,2.2
1.6160001,2.26,1.6160001,2.2
1.6170001,2.24,1.6170001,2.22
1.618,2.26,1.618,2.1599998
1.6190001,2.26,1.6190001,2.2
1.6200001,2.28,1.6200001,2.1800001
1.6210001,2.26,1.6210001,2.22
1.6220001,2.26,1.6220001,2.2
1.623,2.26,1.623,2.22
1.6240001,2.26,1.6240001,2.1800001
1.6250001,2.26,1.6250001,2.22
1.626,2.26,1.626,2.1800001
1.6270001,2.26,1.6270001,2.1800001
1.628,2.26,1.628,2.2
1.6290001,2.26,1.6290001,2.1800001
1.6300001,2.26,1.6300001,2.22
1.631,2.26,1.631,2.2
1.6320001,2.26,1.6320001,2.24
1.6330001,2.26,1.6330001,2.2
1.6340001,2.26,1.6340001,2.2
1.6350001,2.28,1.6350001,2.2
1.636,2.26,1.636,2.2
1.6370001,2.26,1.6370001,2.22
1.6380001,2.26,1.6380001,2.22
1.6390001,2.26,1.6390001,2.22
1.6400001,2.26,1.6400001,2.2
1.641,2.26,1.641,2.22
1.6420001,2.26,1.6420001,2.2
1.6430001,2.26,1.6430001,2.1800001
1.6440001,2.28,1.6440001,2.22
1.6450001,2.26,1.6450001,2.2
1.646,2.26,1.646,2.22
1.6470001,2.26,1.6470001,2.2
1.6480001,2.26,1.6480001,2.1800001
1.649,2.26,1.649,2.2
1.6500001,2.26,1.6500001,2.2
1.651,2.26,1.651,2.2
1.6520001,2.26,1.6520001,2.22
1.6530001,2.26,1.6530001,2.22
1.654,2.26,1.654,2.1800001
1.6550001,2.26,1.6550001,2.2
1.6560001,2.26,1.6560001,2.2
1.6570001,2.24,1.6570001,2.1800001
1.6580001,2.26,1.6580001,2.24
1.659,2.26,1.659,2.1800001
1.6600001,2.26,1.6600001,2.2
1.6610001,2.26,1.6610001,2.1800001
1.6620001,2.26,1.6620001,2.1800001
1.6630001,2.26,1.6630001,2.2
1.664,2.26,1.664,2.1800001
1.6650001,2.26,1.6650001,2.22
1.6660001,2.28,1.6660001,2.2
1.6670001,2.28,1.6670001,2.24
1.6680001,2.28,1.6680001,2.2
1.669,2.24,1.669,2.1599998
1.6700001,2.26,1.6700001,2.2
1.6710001,2.24,1.6710001,2.1599998
1.6720001,2.26,1.6720001,2.2
1.6730001,2.26,1.6730001,2.2
1.674,2.26,1.674,2.2
1.6750001,2.26,1.6750001,2.2
1.6760001,2.28,1.6760001,2.1800001
1.677,2.26,1.677,2.2
1.6780001,2.26,1.6780001,2.1800001
1.6790001,2.26,1.6790001,2.2
1.6800001,2.26,1.6800001,2.22
1.6810001,2.26,1.6810001,2.1800001
1.682,2.26,1.682,2.2
1.6830001,2.28,1.6830001,2.1800001
1.6840001,2.24,1.6840001,2.2
1.6850001,2.26,1.6850001,2.1800001
1.6860001,2.26,1.6860001,2.22
1.687,2.26,1.687,2.1800001
1.6880001,2.28,1.6880001,2.22
1.6890001,2.26,1.6890001,2.22
1.6900001,2.26,1.6900001,2.1800001
1.6910001,2.26,1.6910001,2.2
1.692,2.26,1.692,2.2
1.6930001,2.26,1.6930001,2.22
1.6940001,2.26,1.6940001,2.1800001
1.6950001,2.26,1.6950001,2.22
1.6960001,2.26,1.6960001,2.2
1.697,2.26,1.697,2.2
1.6980001,2.26,1.6980001,2.22
1.6990001,2.26,1.6990001,2.1800001
1.7,2.26,1.7,2.2
1.7010001,2.26,1.7010001,2.2
1.702,2.26,1.702,2.22
1.7030001,2.26,1.7030001,2.2
1.7040001,2.28,1.7040001,2.2
1.705,2.26,1.705,2.2
1.7060001,2.24,1.7060001,2.1800001
1.7070001,2.26,1.7070001,2.2
1.7080001,2.24,1.7080001,2.1800001
1.7090001,2.28,1.7090001,2.22
1.71,2.26,1.71,2.2
1.7110001,2.28,1.7110001,2.1599998
1.7120001,2.26,1.7120001,2.2
1.7130001,2.28,1.7130001,2.1800001
1.7140001,2.26,1.7140001,2.2
1.715,2.26,1.715,2.2
1.7160001,2.26,1.7160001,2.2
1.7170001,2.26,1.7170001,2.2
1.7180001,2.26,1.7180001,2.22
1.7190001,2.28,1.7190001,2.24
1.72,2.28,1.72,2.2
1.7210001,2.26,1.7210001,2.22
1.7220001,2.24,1.7220001,2.1800001
1.723,2.24,1.723,2.22
1.7240001,2.26,1.7240001,2.1800001
1.725,2.26,1.725,2.24
1.7260001,2.28,1.7260001,2.2
1.7270001,2.26,1.7270001,2.2
1.728,2.28,1.728,2.22
1.7290001,2.26,1.7290001,2.2
1.7300001,2.26,1.7300001,2.2
1.7310001,2.26,1.7310001,2.1800001
1.7320001,2.26,1.7320001,2.1800001
1.733,2.28,1.733,2.2
1.7340001,2.26,1.7340001,2.2
1.7350001,2.26,1.7350001,2.1800001
1.7360001,2.28,1.7360001,2.1800001
1.7370001,2.26,1.7370001,2.2
1.738,2.26,1.738,2.2
1.7390001,2.24,1.7390001,2.1800001
1.7400001,2.26,1.7400001,2.2
1.7410001,2.28,1.7410001,2.2
1.7420001,2.26,1.7420001,2.22
1.743,2.26,1.743,2.2
1.7440001,2.26,1.7440001,2.22
1.7450001,2.24,1.7450001,2.2
1.7460001,2.28,1.7460001,2.22
1.7470001,2.26,1.7470001,2.2
1.748,2.28,1.748,2.2
1.7490001,2.26,1.7490001,2.22
1.7500001,2.26,1.7500001,2.1800001
1.751,2.26,1.751,2.2
1.7520001,2.26,1.7520001,2.2
1.7530001,2.26,1.7530001,2.22
1.7540001,2.26,1.7540001,2.2
1.7550001,2.26,1.7550001,2.22
1.756,2.26,1.756,2.22
1.7570001,2.26,1.7570001,2.2
1.7580001,2.26,1.7580001,2.22
1.7590001,2.26,1.7590001,2.2
1.7600001,2.26,1.7600001,2.22
1.761,2.26,1.761,2.2
1.7620001,2.26,1.7620001,2.22
1.7630001,2.28,1.7630001,2.22
1.7640001,2.26,1.7640001,2.2
1.7650001,2.28,1.7650001,2.24
1.766,2.26,1.766,2.1800001
1.7670001,2.26,1.7670001,2.2
1.7680001,2.26,1.7680001,2.2
1.7690001,2.26,1.7690001,2.22
1.7700001,2.28,1.7700001,2.22
1.771,2.28,1.771,2.2
1.7720001,2.28,1.7720001,2.22
1.7730001,2.26,1.7730001,2.22
1.774,2.26,1.774,2.22
1.7750001,2.26,1.7750001,2.1800001
1.7760001,2.26,1.7760001,2.22
1.7770001,2.28,1.7770001,2.2
1.7780001,2.28,1.7780001,2.2
1.779,2.26,1.779,2.24
1.7800001,2.26,1.7800001,2.2
1.7810001,2.26,1.7810001,2.22
1.7820001,2.26,1.7820001,2.2
1.7830001,2.26,1.7830001,2.24
1.784,2.26,1.784,2.2
1.7850001,2.26,1.7850001,2.2
1.7860001,2.26,1.7860001,2.2
1.7870001,2.26,1.7870001,2.1800001
1.7880001,2.26,1.7880001,2.24
1.789,2.26,1.789,2.2
1.7900001,2.26,1.7900001,2.1800001
1.7910001,2.22,1.7910001,2.2
1.7920001,2.26,1.7920001,2.1800001
1.7930001,2.28,1.7930001,2.24
1.794,2.3,1.794,2.2
1.7950001,2.26,1.7950001,2.2
1.7960001,2.28,1.7960001,2.22
1.7970001,2.24,1.7970001,2.2
1.7980001,2.24,1.7980001,2.2
1.7990001,2.24,1.7990001,2.1800001
1.8000001,2.26,1.8000001,2.2
1.8010001,2.26,1.8010001,2.2
1.802,2.28,1.802,2.22
1.8030001,2.26,1.8030001,2.2
1.8040001,2.26,1.8040001,2.1800001
1.8050001,2.26,1.8050001,2.2
1.8060001,2.26,1.8060001,2.2
1.807,2.26,1.807,2.2
1.8080001,2.26,1.8080001,2.22
1.8090001,2.26,1.8090001,2.24
1.8100001,2.26,1.8100001,2.2
1.8110001,2.26,1.8110001,2.24
1.812,2.26,1.812,2.22
1.8130001,2.26,1.8130001,2.2
1.8140001,2.26,1.8140001,2.2
1.8150001,2.26,1.8150001,2.2
1.8160001,2.26,1.8160001,2.22
1.817,2.26,1.817,2.2
1.8180001,2.26,1.8180001,2.24
1.8190001,2.26,1.8190001,2.2
1.8200001,2.26,1.8200001,2.22
1.8210001,2.26,1.8210001,2.22
1.8220001,2.26,1.8220001,2.2
1.8230001,2.28,1.8230001,2.22
1.8240001,2.26,1.8240001,2.2
1.825,2.26,1.825,2.22
1.8260001,2.26,1.8260001,2.22
1.8270001,2.26,1.8270001,2.22
1.8280001,2.26,1.8280001,2.2
1.8290001,2.24,1.8290001,2.2
1.83,2.26,1.83,2.24
1.8310001,2.26,1.8310001,2.2
1.8320001,2.26,1.8320001,2.22
1.8330001,2.26,1.8330001,2.2
1.8340001,2.26,1.8340001,2.22
1.835,2.26,1.835,2.2
1.8360001,2.26,1.8360001,2.1800001
1.8370001,2.28,1.8370001,2.22
1.8380001,2.28,1.8380001,2.22
1.8390001,2.26,1.8390001,2.22
1.84,2.26,1.84,2.22
1.8410001,2.26,1.8410001,2.2
1.8420001,2.26,1.8420001,2.2
1.8430001,2.26,1.8430001,2.2
1.8440001,2.28,1.8440001,2.2
1.845,2.24,1.845,2.2
1.8460001,2.26,1.8460001,2.22
1.8470001,2.26,1.8470001,2.22
1.848,2.28,1.848,2.22
1.8490001,2.24,1.8490001,2.2
1.8500001,2.24,1.8500001,2.1800001
1.8510001,2.26,1.8510001,2.22
1.8520001,2.26,1.8520001,2.1800001
1.853,2.28,1.853,2.22
1.8540001,2.26,1.8540001,2.24
1.8550001,2.26,1.8550001,2.2
1.8560001,2.28,1.8560001,2.22
1.8570001,2.24,1.8570001,2.1800001
1.858,2.26,1.858,2.2
1.8590001,2.24,1.8590001,2.1800001
1.8600001,2.26,1.8600001,2.22
1.8610001,2.28,1.8610001,2.22
1.8620001,2.26,1.8620001,2.1800001
1.863,2.26,1.863,2.22
1.8640001,2.24,1.8640001,2.2
1.8650001,2.26,1.8650001,2.22
1.8660001,2.26,1.8660001,2.2
1.8670001,2.26,1.8670001,2.22
1.868,2.26,1.868,2.2
1.8690001,2.28,1.8690001,2.24
1.8700001,2.26,1.8700001,2.2
1.8710001,2.26,1.8710001,2.2
1.8720001,2.26,1.8720001,2.2
1.8730001,2.26,1.8730001,2.1800001
1.8740001,2.26,1.8740001,2.22
1.8750001,2.24,1.8750001,2.2
1.876,2.26,1.876,2.24
1.8770001,2.28,1.8770001,2.22
1.8780001,2.26,1.8780001,2.22
1.8790001,2.24,1.8790001,2.2
1.8800001,2.26,1.8800001,2.1599998
1.881,2.26,1.881,2.22
1.8820001,2.26,1.8820001,2.2
1.8830001,2.28,1.8830001,2.22
1.8840001,2.26,1.8840001,2.2
1.8850001,2.26,1.8850001,2.26
1.886,2.26,1.886,2.22
1.8870001,2.24,1.8870001,2.2
1.8880001,2.26,1.8880001,2.2
1.8890001,2.26,1.8890001,2.2
1.8900001,2.26,1.8900001,2.22
1.891,2.28,1.891,2.2
1.8920001,2.26,1.8920001,2.22
1.8930001,2.28,1.8930001,2.22
1.8940001,2.26,1.8940001,2.2
1.8950001,2.26,1.8950001,2.22
1.8960001,2.26,1.8960001,2.1800001
1.8970001,2.26,1.8970001,2.22
1.8980001,2.26,1.8980001,2.22
1.899,2.28,1.899,2.24
1.9000001,2.26,1.9000001,2.22
1.9010001,2.28,1.9010001,2.2
1.9020001,2.26,1.9020001,2.22
1.9030001,2.26,1.9030001,2.2
1.904,2.26,1.904,2.24
1.9050001,2.26,1.9050001,2.1800001
1.9060001,2.26,1.9060001,2.22
1.9070001,2.26,1.9070001,2.2
1.9080001,2.28,1.9080001,2.24
1.909,2.26,1.909,2.22
1.9100001,2.26,1.9100001,2.2
1.9110001,2.26,1.9110001,2.22
1.9120001,2.26,1.9120001,2.2
1.9130001,2.28,1.9130001,2.24
1.914,2.28,1.914,2.24
1.9150001,2.26,1.9150001,2.2
1.9160001,2.26,1.9160001,2.2
1.9170001,2.26,1.9170001,2.1800001
1.9180001,2.26,1.9180001,2.22
1.9190001,2.26,1.9190001,2.2
1.9200001,2.24,1.9200001,2.2
1.9210001,2.28,1.9210001,2.22
1.9220001,2.28,1.9220001,2.2
1.9230001,2.26,1.9230001,2.22
1.9240001,2.28,1.9240001,2.1800001
1.9250001,2.28,1.9250001,2.22
1.9260001,2.26,1.9260001,2.2
1.927,2.26,1.927,2.22
1.9280001,2.26,1.9280001,2.2
1.9290001,2.28,1.9290001,2.2
1.9300001,2.26,1.9300001,2.22
1.9310001,2.28,1.9310001,2.2
1.932,2.26,1.932,2.22
1.9330001,2.26,1.9330001,2.2
1.9340001,2.26,1.9340001,2.24
1.9350001,2.26,1.9350001,2.2
1.9360001,2.26,1.9360001,2.24
1.937,2.26,1.937,2.22
1.9380001,2.28,1.9380001,2.22
1.9390001,2.26,1.9390001,2.2
1.9400001,2.26,1.9400001,2.2
1.9410001,2.26,1.9410001,2.24
1.9420002,2.26,1.9420002,2.22
1.9430001,2.28,1.9430001,2.22
1.9440001,2.26,1.9440001,2.22
1.9450001,2.26,1.9450001,2.2
1.9460001,2.26,1.9460001,2.22
1.9470001,2.26,1.9470001,2.1800001
1.9480001,2.26,1.9480001,2.2
1.9490001,2.26,1.9490001,2.1800001
1.95,2.26,1.95,2.26
1.9510001,2.28,1.9510001,2.22
1.9520001,2.26,1.9520001,2.2
1.9530001,2.26,1.9530001,2.2
1.9540001,2.26,1.9540001,2.2
1.955,2.26,1.955,2.22
1.9560001,2.26,1.9560001,2.2
1.9570001,2.26,1.9570001,2.22
1.9580001,2.28,1.9580001,2.2
1.9590001,2.26,1.9590001,2.22
1.96,2.26,1.96,2.24
1.9610001,2.26,1.9610001,2.22
1.9620001,2.26,1.9620001,2.22
1.9630001,2.26,1.9630001,2.1800001
1.9640001,2.26,1.9640001,2.22
1.9650002,2.26,1.9650002,2.2
1.9660001,2.26,1.9660001,2.22
1.9670001,2.26,1.9670001,2.22
1.9680001,2.26,1.9680001,2.2
1.9690001,2.26,1.9690001,2.24
1.9700001,2.24,1.9700001,2.2
1.9710001,2.26,1.9710001,2.2
1.9720001,2.24,1.9720001,2.2
1.973,2.26,1.973,2.2
1.9740001,2.26,1.9740001,2.22
1.9750001,2.26,1.9750001,2.2
1.9760001,2.26,1.9760001,2.2
1.9770001,2.26,1.9770001,2.2
1.978,2.24,1.978,2.24
1.9790001,2.26,1.9790001,2.22
1.9800001,2.26,1.9800001,2.1800001
1.9810001,2.28,1.9810001,2.24
1.9820001,2.28,1.9820001,2.2
1.983,2.24,1.983,2.22
1.9840001,2.26,1.9840001,2.2
1.9850001,2.26,1.9850001,2.22
1.9860001,2.26,1.9860001,2.2
1.9870001,2.26,1.9870001,2.24
1.988,2.26,1.988,2.24
1.9890001,2.28,1.9890001,2.2
1.9900001,2.28,1.9900001,2.22
1.9910001,2.26,1.9910001,2.2
1.9920001,2.26,1.9920001,2.22
1.9930001,2.26,1.9930001,2.2
1.9940001,2.26,1.9940001,2.24
1.9950001,2.26,1.9950001,2.2
1.9960001,2.26,1.9960001,2.22
1.9970001,2.26,1.9970001,2.22
1.9980001,2.28,1.9980001,2.2
1.9990001,2.28,1.9990001,2.24
2,2.26,2,2.22
2.0010002,2.26,2.0010002,2.22
2.0020001,2.26,2.0020001,2.2
2.003,2.26,2.003,2.24
2.0040002,2.28,2.0040002,2.22
2.0050001,2.26,2.0050001,2.1800001
2.006,2.26,2.006,2.24
2.0070002,2.26,2.0070002,2.2
2.0080001,2.26,2.0080001,2.22
2.0090001,2.26,2.0090001,2.2
2.01,1.78,2.01,2.22
2.0110002,1.8,2.0110002,2.22
2.0120001,1.78,2.0120001,2.2
2.013,1.8,2.013,2.22
2.0140002,1.76,2.0140002,2.2
2.0150001,1.78,2.0150001,2.22
2.016,1.78,2.016,2.2
2.0170002,1.8199999,2.0170002,2.22
2.0180001,1.78,2.0180001,2.2
2.0190001,1.8,2.0190001,2.1800001
2.02,1.78,2.02,2.22
2.0210001,1.78,2.0210001,2.22
2.0220001,1.78,2.0220001,2.2
2.023,1.78,2.023,2.2
2.0240002,1.78,2.0240002,2.1800001
2.0250001,1.78,2.0250001,2.2
2.026,1.8,2.026,2.1800001
2.0270002,1.78,2.0270002,2.2
2.0280001,1.8,2.0280001,2.2
2.029,1.78,2.029,2.1800001
2.0300002,1.78,2.0300002,2.22
2.0310001,1.78,2.0310001,2.1599998
2.0320001,1.78,2.0320001,2.1399999
2.033,1.8,2.033,2.1800001
2.0340002,1.8,2.0340002,2.1800001
2.0350001,1.78,2.0350001,2.2
2.036,1.78,2.036,2.1599998
2.0370002,1.78,2.0370002,2.1399999
2.0380001,1.78,2.0380001,2.1199999
2.039,1.8,2.039,2.1599998
2.0400002,1.78,2.0400002,2.1399999
2.0410001,1.8,2.0410001,2.2
2.0420001,1.78,2.0420001,2.1599998
2.043,1.8,2.043,2.1399999
2.0440001,1.76,2.0440001,2.1599998
2.0450001,1.76,2.0450001,2.1399999
2.046,1.78,2.046,2.1199999
2.0470002,1.8,2.0470002,2.1399999
2.0480001,1.76,2.0480001,2.1199999
2.049,1.78,2.049,2.1199999
2.0500002,1.78,2.0500002,2.1399999
2.0510001,1.78,2.0510001,2.1199999
2.052,1.78,2.052,2.1399999
2.0530002,1.78,2.0530002,2.1199999
2.0540001,1.78,2.0540001,2.0999999
2.0550001,1.78,2.0550001,2.1199999
2.056,1.78,2.056,2.0999999
2.0570002,1.78,2.0570002,2.0999999
2.0580001,1.78,2.0580001,2.0999999
2.059,1.76,2.059,2.0999999
2.0600002,1.76,2.0600002,2.0599999
2.0610001,1.76,2.0610001,2.1199999
2.062,1.76,2.062,2.0799999
2.0630002,1.78,2.0630002,2.0599999
2.0640001,1.78,2.0640001,2.1199999
2.0650001,1.78,2.0650001,2.0999999
2.066,1.78,2.066,2.04
2.0670002,1.78,2.0670002,2.0799999
2.0680001,1.78,2.0680001,2.0599999
2.069,1.78,2.069,2.04
2.0700002,1.78,2.0700002,2.0799999
2.0710001,1.8,2.0710001,2.0599999
2.072,1.78,2.072,2.04
2.0730002,1.78,2.0730002,2.0799999
2.0740001,1.78,2.0740001,2.04
2.075,1.76,2.075,2.02
2.0760002,1.76,2.0760002,2.0599999
2.0770001,1.76,2.0770001,2.0599999
2.0780001,1.78,2.0780001,2.04
2.079,1.78,2.079,2.0599999
2.0800002,1.8,2.0800002,2.02
2.0810001,1.78,2.0810001,2
2.082,1.78,2.082,2.04
2.0830002,1.76,2.0830002,2.02
2.0840001,1.76,2.0840001,1.9799999
2.085,1.78,2.085,2.02
2.0860002,1.78,2.0860002,2.02
2.0870001,1.8,2.0870001,2
2.0880001,1.78,2.0880001,2
2.089,1.76,2.089,2
2.0900002,1.76,2.0900002,2.02
2.0910001,1.78,2.0910001,2.02
2.092,1.78,2.092,1.9799999
2.0930002,1.78,2.0930002,2.02
2.0940001,1.78,2.0940001,2
2.095,1.76,2.095,1.9799999
2.0960002,1.78,2.0960002,2
2.0970001,1.78,2.0970001,1.9799999
2.098,1.78,2.098,1.9599999
2.0990002,1.78,2.0990002,2
2.1000001,1.78,2.1000001,1.9799999
2.1010001,1.8,2.1010001,1.9599999
2.102,1.8,2.102,2
2.1030002,1.78,2.1030002,1.9599999
2.1040001,1.78,2.1040001,1.9599999
2.105,1.76,2.105,1.9799999
2.1060002,1.78,2.1060002,1.9599999
2.1070001,1.76,2.1070001,1.9399999
2.108,1.78,2.108,1.9599999
2.1090002,1.78,2.1090002,1.9799999
2.1100001,1.8,2.1100001,1.9399999
2.1110001,1.78,2.1110001,1.92
2.112,1.78,2.112,1.9599999
2.1130002,1.76,2.1130002,1.92
2.1140001,1.78,2.1140001,1.92
2.115,1.78,2.115,1.9
2.1160002,1.78,2.1160002,1.92
2.1170001,1.8,2.1170001,1.92
2.118,1.78,2.118,1.92
2.1190002,1.78,2.1190002,1.92
2.1200001,1.78,2.1200001,1.9
2.1210001,1.76,2.1210001,1.88
2.1220002,1.78,2.1220002,1.92
2.1230001,1.8199999,2.1230001,1.92
2.1240001,1.8,2.1240001,1.9
2.125,1.78,2.125,1.92
2.1260002,1.78,2.1260002,1.9
2.1270001,1.76,2.1270001,1.88
2.128,1.78,2.128,1.88
2.1290002,1.78,2.1290002,1.88
2.1300001,1.8,2.1300001,1.86
2.131,1.8,2.131,1.9
2.1320002,1.78,2.1320002,1.9
2.1330001,1.78,2.1330001,1.86
2.1340001,1.8,2.1340001,1.9
2.135,1.78,2.135,1.88
2.1360002,1.78,2.1360002,1.8399999
2.1370001,1.78,2.1370001,1.88
2.138,1.78,2.138,1.88
2.1390002,1.8,2.1390002,1.86
2.1400001,1.8,2.1400001,1.9
2.141,1.78,2.141,1.86
2.1420002,1.76,2.1420002,1.8399999
2.1430001,1.78,2.1430001,1.88
2.1440001,1.78,2.1440001,1.86
2.1450002,1.8,2.1450002,1.8399999
2.1460001,1.78,2.1460001,1.88
2.1470001,1.8,2.1470001,1.88
2.148,1.78,2.148,1.86
2.1490002,1.76,2.1490002,1.86
2.1500001,1.78,2.1500001,1.8399999
2.151,1.78,2.151,1.8399999
2.1520002,1.76,2.1520002,1.88
2.1530001,1.78,2.1530001,1.88
2.154,1.8,2.154,1.8399999
2.1550002,1.78,2.1550002,1.8199999
2.1560001,1.78,2.1560001,1.86
2.1570001,1.78,2.1570001,1.8199999
2.158,1.78,2.158,1.8199999
2.1590002,1.76,2.1590002,1.8399999
2.1600001,1.8,2.1600001,1.8399999
2.161,1.8,2.161,1.8199999
2.1620002,1.78,2.1620002,1.8199999
2.1630001,1.78,2.1630001,1.8199999
2.164,1.78,2.164,1.8
2.1650002,1.78,2.1650002,1.78
2.1660001,1.78,2.1660001,1.8199999
2.1670001,1.8,2.1670001,1.8
2.1680002,1.8,2.1680002,1.8
2.1690001,1.8,2.1690001,1.8199999
2.1700001,1.8,2.1700001,1.8199999
2.171,1.76,2.171,1.78
2.1720002,1.76,2.1720002,1.8
2.1730001,1.76,2.1730001,1.78
2.174,1.78,2.174,1.78
2.1750002,1.78,2.1750002,1.8
2.1760001,1.78,2.1760001,1.8
2.177,1.8,2.177,1.78
2.1780002,1.78,2.1780002,1.8199999
2.1790001,1.78,2.1790001,1.78
2.1800001,1.78,2.1800001,1.78
2.181,1.78,2.181,1.8199999
2.1820002,1.8,2.1820002,1.78
2.1830001,1.78,2.1830001,1.78
2.184,1.8,2.184,1.78
2.1850002,1.78,2.1850002,1.78
2.1860001,1.78,2.1860001,1.78
2.187,1.78,2.187,1.76
2.1880002,1.8,2.1880002,1.8
2.1890001,1.78,2.1890001,1.78
2.1900001,1.76,2.1900001,1.76
2.1910002,1.8,2.1910002,1.78
2.1920002,1.8,2.1920002,1.78
2.1930001,1.8,2.1930001,1.78
2.194,1.76,2.194,1.7199999
2.1950002,1.78,2.1950002,1.76
2.1960001,1.78,2.1960001,1.74
2.197,1.78,2.197,1.6999999
2.1980002,1.78,2.1980002,1.74
2.1990001,1.78,2.1990001,1.76
2.2,1.8,2.2,1.76
2.2010002,1.78,2.2010002,1.76
2.2020001,1.78,2.2020001,1.76
2.2030001,1.78,2.2030001,1.74
2.204,1.78,2.204,1.78
2.2050002,1.78,2.2050002,1.76
2.2060001,1.8,2.2060001,1.74
2.207,1.76,2.207,1.78
2.2080002,1.78,2.2080002,1.76
2.2090001,1.78,2.2090001,1.74
2.21,1.76,2.21,1.76
2.2110002,1.78,2.2110002,1.76
2.2120001,1.76,2.2120001,1.74
2.2130001,1.78,2.2130001,1.78
2.214,1.78,2.214,1.76
2.2150002,1.8,2.2150002,1.7199999
2.2160001,1.78,2.2160001,1.78
2.217,1.78,2.217,1.76
2.2180002,1.8,2.2180002,1.7199999
2.2190001,1.78,2.2190001,1.78
2.22,1.78,2.22,1.76
2.2210002,1.78,2.2210002,1.74
2.2220001,1.78,2.2220001,1.78
2.223,1.76,2.223,1.74
2.2240002,1.78,2.2240002,1.7199999
2.2250001,1.78,2.2250001,1.76
2.2260001,1.78,2.2260001,1.74
2.227,1.76,2.227,1.74
2.2280002,1.8,2.2280002,1.7199999
2.2290001,1.8,2.2290001,1.74
2.23,1.78,2.23,1.76
2.2310002,1.76,2.2310002,1.6999999
2.2320001,1.78,2.2320001,1.76
2.233,1.78,2.233,1.7199999
2.2340002,1.78,2.2340002,1.7199999
2.2350001,1.78,2.2350001,1.76
2.2360001,1.78,2.2360001,1.74
2.237,1.78,2.237,1.7199999
2.2380002,1.78,2.2380002,1.74
2.2390001,1.76,2.2390001,1.7199999
2.24,1.8,2.24,1.6999999
2.2410002,1.78,2.2410002,1.6999999
2.2420001,1.76,2.2420001,1.7199999
2.243,1.8,2.243,1.74
2.2440002,1.8,2.2440002,1.6999999
2.2450001,1.8,2.2450001,1.76
2.2460001,1.78,2.2460001,1.7199999
2.2470002,1.78,2.2470002,1.6999999
2.2480001,1.76,2.2480001,1.7199999
2.2490001,1.76,2.2490001,1.6999999
2.25,1.76,2.25,1.6799999
2.2510002,1.78,2.2510002,1.74
2.2520001,1.78,2.2520001,1.7199999
2.253,1.78,2.253,1.7199999
2.2540002,1.78,2.2540002,1.7199999
2.2550001,1.78,2.2550001,1.7199999
2.256,1.8,2.256,1.74
2.2570002,1.78,2.2570002,1.7199999
2.2580001,1.8,2.2580001,1.6999999
2.2590001,1.76,2.2590001,1.7199999
2.26,1.8,2.26,1.74
2.2610002,1.78,2.2610002,1.6999999
2.2620001,1.78,2.2620001,1.74
2.263,1.78,2.263,1.7199999
2.2640002,1.78,2.2640002,1.6999999
2.2650001,1.78,2.2650001,1.74
2.266,1.78,2.266,1.74
2.2670002,1.78,2.2670002,1.7199999
2.2680001,1.78,2.2680001,1.74
2.2690001,1.78,2.2690001,1.74
2.2700002,1.78,2.2700002,1.6999999
2.2710001,1.78,2.2710001,1.6799999
2.2720001,1.78,2.2720001,1.7199999
2.273,1.78,2.273,1.74
2.2740002,1.8,2.2740002,1.7199999
2.2750001,1.78,2.2750001,1.76
2.276,1.8,2.276,1.7199999
2.2770002,1.76,2.2770002,1.6799999
2.2780001,1.78,2.2780001,1.66
2.279,1.78,2.279,1.7199999
2.2800002,1.78,2.2800002,1.6799999
2.2810001,1.76,2.2810001,1.74
2.2820001,1.8,2.2820001,1.7199999
2.283,1.78,2.283,1.6999999
2.2840002,1.78,2.2840002,1.7199999
2.2850001,1.8,2.2850001,1.6999999
2.286,1.78,2.286,1.6999999
2.2870002,1.78,2.2870002,1.74
2.2880001,1.78,2.2880001,1.7199999
2.289,1.8,2.289,1.7199999
2.2900002,1.78,2.2900002,1.74
2.2910001,1.78,2.2910001,1.7199999
2.2920001,1.78,2.2920001,1.6999999
2.2930002,1.78,2.2930002,1.74
2.2940001,1.78,2.2940001,1.6999999
2.2950001,1.78,2.2950001,1.6999999
2.296,1.78,2.296,1.74
2.2970002,1.78,2.2970002,1.7199999
2.2980001,1.78,2.2980001,1.6999999
2.299,1.78,2.299,1.7199999
2.3000002,1.76,2.3000002,1.7199999
2.3010001,1.76,2.3010001,1.6799999
2.302,1.78,2.302,1.74
2.3030002,1.76,2.3030002,1.7199999
2.3040001,1.8,2.3040001,1.6999999
2.3050001,1.8,2.3050001,1.74
2.306,1.76,2.306,1.74
2.3070002,1.78,2.3070002,1.6999999
2.3080001,1.78,2.3080001,1.6799999
2.309,1.78,2.309,1.6999999
2.3100002,1.78,2.3100002,1.6999999
2.3110001,1.8,2.3110001,1.6999999
2.312,1.78,2.312,1.7199999
2.3130002,1.8,2.3130002,1.7199999
2.3140001,1.76,2.3140001,1.66
2.3150001,1.78,2.3150001,1.6999999
2.3160002,1.78,2.3160002,1.6999999
2.3170002,1.78,2.3170002,1.6799999
2.3180001,1.8,2.3180001,1.74
2.319,1.78,2.319,1.7199999
2.3200002,1.8,2.3200002,1.6999999
2.3210001,1.78,2.3210001,1.6999999
2.322,1.78,2.322,1.6999999
2.3230002,1.78,2.3230002,1.6799999
2.3240001,1.78,2.3240001,1.7199999
2.325,1.76,2.325,1.6999999
2.3260002,1.78,2.3260002,1.6999999
2.3270001,1.78,2.3270001,1.7199999
2.3280001,1.8,2.3280001,1.7199999
2.329,1.78,2.329,1.7199999
2.3300002,1.78,2.3300002,1.7199999
2.3310001,1.78,2.3310001,1.6999999
2.332,1.78,2.332,1.7199999
2.3330002,1.78,2.3330002,1.74
2.3340001,1.78,2.3340001,1.7199999
2.335,1.78,2.335,1.74
2.3360002,1.8,2.3360002,1.7199999
2.3370001,1.78,2.3370001,1.6999999
2.3380001,1.78,2.3380001,1.74
2.3390002,1.76,2.3390002,1.6999999
2.3400002,1.8199999,2.3400002,1.6999999
2.3410001,1.78,2.3410001,1.74
2.342,1.78,2.342,1.7199999
2.3430002,1.78,2.3430002,1.76
2.3440001,1.76,2.3440001,1.74
2.345,1.78,2.345,1.7199999
2.3460002,1.78,2.3460002,1.74
2.3470001,1.78,2.3470001,1.7199999
2.348,1.8,2.348,1.74
2.3490002,1.78,2.3490002,1.7199999
2.3500001,1.78,2.3500001,1.76
2.3510001,1.78,2.3510001,1.7199999
2.352,1.78,2.352,1.6999999
2.3530002,1.78,2.3530002,1.74
2.3540001,1.76,2.3540001,1.7199999
2.355,1.78,2.355,1.6999999
2.3560002,1.8,2.3560002,1.6999999
2.3570001,1.78,2.3570001,1.7199999
2.358,1.8,2.358,1.7199999
2.3590002,1.76,2.3590002,1.7199999
2.3600001,1.78,2.3600001,1.7199999
2.3610001,1.76,2.3610001,1.6799999
2.3620002,1.76,2.3620002,1.74
2.3630002,1.78,2.3630002,1.74
2.3640001,1.78,2.3640001,1.7199999
2.365,1.8,2.365,1.76
2.3660002,1.78,2.3660002,1.7199999
2.3670001,1.8,2.3670001,1.6999999
2.368,1.8,2.368,1.74
2.3690002,1.8,2.3690002,1.7199999
2.3700001,1.78,2.3700001,1.76
2.3710001,1.78,2.3710001,1.76
2.3720002,1.78,2.3720002,1.74
2.3730001,1.8,2.3730001,1.78
2.3740001,1.78,2.3740001,1.74
2.375,1.78,2.375,1.6999999
2.3760002,1.76,2.3760002,1.76
2.3770001,1.78,2.3770001,1.7199999
2.378,1.8,2.378,1.7199999
2.3790002,1.78,2.3790002,1.76
2.3800001,1.78,2.3800001,1.76
2.381,1.8,2.381,1.6999999
2.3820002,1.76,2.3820002,1.74
2.3830001,1.76,2.3830001,1.74
2.3840001,1.78,2.3840001,1.6999999
2.3850002,1.78,2.3850002,1.76
2.3860002,1.78,2.3860002,1.74
2.3870001,1.78,2.3870001,1.7199999
2.388,1.8,2.388,1.76
2.3890002,1.78,2.3890002,1.74
2.3900001,1.78,2.3900001,1.7199999
2.391,1.78,2.391,1.74
2.3920002,1.78,2.3920002,1.74
2.3930001,1.78,2.3930001,1.74
2.3940001,1.78,2.3940001,1.76
2.3950002,1.78,2.3950002,1.7199999
2.3960001,1.78,2.3960001,1.6999999
2.3970001,1.78,2.3970001,1.74
2.398,1.8,2.398,1.74
2.3990002,1.78,2.3990002,1.7199999
2.4000001,1.78,2.4000001,1.7199999
2.401,1.8,2.401,1.76
2.4020002,1.8,2.4020002,1.7199999
2.4030001,1.8,2.4030001,1.7199999
2.404,1.78,2.404,1.74
2.4050002,1.78,2.4050002,1.7199999
2.4060001,1.78,2.4060001,1.7199999
2.4070001,1.76,2.4070001,1.74
2.4080002,1.78,2.4080002,1.7199999
2.4090002,1.78,2.4090002,1.76
2.4100001,1.8,2.4100001,1.74
2.411,1.78,2.411,1.7199999
2.4120002,1.8,2.4120002,1.76
2.4130001,1.78,2.4130001,1.7199999
2.414,1.78,2.414,1.6999999
2.4150002,1.78,2.4150002,1.7199999
2.4160001,1.78,2.4160001,1.74
2.4170001,1.8,2.4170001,1.7199999
2.4180002,1.78,2.4180002,1.74
2.4190001,1.78,2.4190001,1.7199999
2.4200001,1.78,2.4200001,1.6999999
2.421,1.78,2.421,1.76
2.4220002,1.78,2.4220002,1.7199999
2.4230001,1.8,2.4230001,1.7199999
2.424,1.8,2.424,1.7199999
2.4250002,1.78,2.4250002,1.76
2.4260001,1.8,2.4260001,1.7199999
2.427,1.76,2.427,1.6799999
2.4280002,1.8,2.4280002,1.6999999
2.4290001,1.78,2.4290001,1.6999999
2.4300001,-1.5599999,2.4300001,-1.5799999
2.4310002,-1.5599999,2.4310002,-1.5799999
2.4320002,-1.5599999,2.4320002,-1.5799999
2.4330001,-1.5599999,2.4330001,-1.5799999
2.434,-1.5599999,2.434,-1.5799999
2.4350002,-1.5599999,2.4350002,-1.5799999
2.4360001,-1.5599999,2.4360001,-1.5799999
2.437,-1.5599999,2.437,-1.5799999
2.4380002,-1.5599999,2.4380002,-1.5799999
2.4390001,-1.5599999,2.4390001,-1.5799999
2.4400001,-1.5599999,2.4400001,-1.5799999
2.4410002,-1.5599999,2.4410002,-1.5799999
2.4420002,-1.5599999,2.4420002,-1.5799999
2.4430001,-1.5599999,2.4430001,-1.5799999
2.444,-1.5599999,2.444,-1.5799999
2.4450002,-1.5599999,2.4450002,-1.5799999
2.4460001,-1.5599999,2.4460001,-1.5799999
2.447,-1.5599999,2.447,-1.5799999
2.4480002,-1.5599999,2.4480002,-1.5799999
2.4490001,-1.5599999,2.4490001,-1.5799999
2.45,-1.5599999,2.45,-1.5799999
2.4510002,-1.5599999,2.4510002,-1.5799999
2.4520001,-1.5599999,2.4520001,-1.5799999
2.4530001,-1.5599999,2.4530001,-1.5799999
2.4540002,-1.5599999,2.4540002,-1.5799999
2.4550002,-1.5599999,2.4550002,-1.5799999
2.4560001,-1.5599999,2.4560001,-1.5799999
2.457,-1.5599999,2.457,-1.5799999
2.4580002,-1.5599999,2.4580002,-1.5799999
2.4590001,-1.5599999,2.4590001,-1.5799999
2.46,-1.5599999,2.46,-1.5799999
2.4610002,-1.5599999,2.4610002,-1.5799999
2.4620001,-1.5599999,2.4620001,-1.5799999
2.4630001,-1.5599999,2.4630001,-1.5799999
2.4640002,-1.5599999,2.4640002,-1.5799999
2.4650002,-1.5599999,2.4650002,-1.5799999
2.4660001,-1.5599999,2.4660001,-1.5799999
2.467,-1.5599999,2.467,-1.5799999
2.4680002,-1.5599999,2.4680002,-1.5799999
2.4690001,-1.5599999,2.4690001,-1.5799999
2.47,-1.5599999,2.47,-1.5799999
2.4710002,-1.5599999,2.4710002,-1.5799999
2.4720001,-1.5599999,2.4720001,-1.5799999
2.473,-1.5599999,2.473,-1.5799999
2.4740002,-1.5599999,2.4740002,-1.5799999
2.4750001,-1.5599999,2.4750001,-1.5799999
2.4760001,-1.5599999,2.4760001,-1.5799999
2.4770002,-1.5599999,2.4770002,-1.5799999
2.4780002,-1.5599999,2.4780002,-1.5799999
2.4790001,-1.5599999,2.4790001,-1.5799999
2.48,-1.5599999,2.48,-1.5799999
2.4810002,-1.5599999,2.4810002,-1.5799999
2.4820001,-1.5599999,2.4820001,-1.5799999
2.483,-1.5599999,2.483,-1.5799999
2.4840002,-1.5599999,2.4840002,-1.5799999
2.4850001,-1.5599999,2.4850001,-1.5799999
2.4860001,-1.5599999,2.4860001,-1.5799999
2.4870002,-1.5599999,2.4870002,-1.5799999
2.4880002,-1.5599999,2.4880002,-1.5799999
2.4890001,-1.5599999,2.4890001,-1.5799999
2.49,-1.5599999,2.49,-1.5799999
2.4910002,-1.5599999,2.4910002,-1.5799999
2.4920001,-1.5599999,2.4920001,-1.5799999
2.493,-1.5599999,2.493,-1.5799999
2.4940002,-1.5599999,2.4940002,-1.5799999
2.4950001,-1.5599999,2.4950001,-1.5799999
2.4960001,-1.5599999,2.4960001,-1.5799999
2.4970002,-1.5599999,2.4970002,-1.5799999
2.4980001,-1.5599999,2.4980001,-1.5799999
2.4990001,-1.5599999,2.4990001,-1.5799999
